:020000040800F2
:108000000080002029CA0008D5A20008DDA20008CF
:1080100009A3000811A3000819A30008000000002C
:1080200000000000000000000000000021A3000884
:108030002FA30008000000003DA300084BA3000888
:1080400079CA000879CA000879CA0008000000004F
:1080500079CA000879CA000879CA0008000000003F
:1080600079CA000879CA00080000000079CA00082F
:1080700079CA000857A3000879CA000879CA00081D
:1080800079CA000879CA000865A3000879CA0008FF
:1080900079CA000879CA000879CA000879CA0008B4
:1080A00079CA000879CA000879CA000879CA0008A4
:1080B00079CA000879CA000879CA000879CA000894
:1080C00079CA000879CA000879CA000879CA000884
:1080D0000000000079CA000879CA000879CA0008BF
:1080E00079CA000879CA000875A3000879CA00088F
:1080F00079CA000879CA000879CA0008000000009F
:108100000000000079CA000879CA000879CA00088E
:1081100079CA000879CA000879CA000879CA000833
:1081200079CA000879CA000889A3000879CA00083A
:1081300079CA0008000000000000000079CA0008A9
:1081400079CA0008000000000000000000000000E4
:10815000000000000000000079CA000800000000D4
:10816000000000000000000079CA000879CA000879
:1081700000000000000000000000000000000000FF
:1081800000000000000000000000000000000000EF
:1081900000000000000000000000000000000000DF
:1081A000000000000000000079CA000879CA000839
:1081B00079CA000879CA000879CA000879CA000893
:1081C00079CA000879CA0008000000000000000019
:1081D00000000000000000000000000079CA000854
:1081E00079CA000800000000000000000000000044
:1081F000000000000000000000000000000000007F
:108200000000000079CA000879CA000800000000D8
:108210000000000079CA0008000000000000000013
:1082200000000000000000000000000079CA000803
:1082300079CA0008000000000000000000000000F3
:1082400000000000000000000000000079CA0008E3
:0882500079CA000879CA000890
:1082580010B5054C237833B9044B13B10448AFF378
:1082680000800123237010BDFC00002000000000E6
:108278001439010808B5034B1BB103490348AFF390
:10828800008008BD0000000000010020143901082A
:1082980053B94AB9002908BF00281CBF4FF0FF3165
:1082A8004FF0FF3000F0B0B9ADF1080C6DE904CE25
:1082B80000F006F8DDF804E0DDE9022304B07047B9
:1082C8002DE9F04F099D884604468E46002B4AD179
:1082D8008A4217465FD9B2FA82F64EB1C6F1200338
:1082E80001FA06FEB740B44020FA03F343EA0E0E43
:1082F8004FEA17481FFA87FC230CBEFBF8F108FB6E
:1083080011EE01FB0CF243EA0E439A4207D9FB181F
:1083180001F1FF3002D29A4200F2548101469B1AC1
:10832800A2B2B3FBF8F008FB103300FB0CFC42EAE6
:10833800034294450BD9BA1800F1FF332CBF01242E
:108348000024944502D9002C00F03F81184640EAE9
:108358000140A2EB0C0200211DB1F2400023C5E947
:108368000023BDE8F08F8B4205D90DB1C5E90001A6
:1083780000210846F5E7B3FA83F100294ED14345B9
:10838800C0F01281824240F20F810846002DE8D0E9
:10839800C5E9004EE5E7002A00F0AC80B2FA82F6A3
:1083A800002E40F0BB808B1A4FEA124EBCB201215E
:1083B800020C80B2B3FBFEFC0EFB1C3342EA034303
:1083C80004FB0CF29A420ED9FB180CF1FF382CBFB3
:1083D8004FF001094FF000099A4203D9B9F1000F93
:1083E80000F0EC80C4469B1AB3FBFEF80EFB183372
:1083F80004FB08F440EA034294420BD9BA1808F186
:10840800FF332CBF01200020944202D9002800F03D
:10841800D1809846121B48EA0C409DE7C1F120061E
:108428008B4008FA01F400FA01F922FA06F728FA53
:1084380006F88A401F4320FA06F3380C23431FFA34
:1084480087FC1C0CB8FBF0FE00FB1E8844EA0844BD
:108458000EFB0CF8A0450ED93C190EF1FF3A2CBFC3
:108468004FF0010B4FF0000BA04503D9BBF1000FF3
:1084780000F0B880D646A4EB08041FFA83F8B4FBD2
:10848800F0F300FB134403FB0CFC48EA0444A44546
:108498000ED93C1903F1FF302CBF4FF001084FF003
:1084A8000008A44503D9B8F1000F00F09F800346E7
:1084B80043EA0E40A4EB0C04A0FB02EC64457346AF
:1084C800E04602D307D1F14505D2BEEB02036CEBBF
:1084D800070C0138E0465DB1B9EB030264EB080410
:1084E80004FA06F622FA01F3CC401E43C5E90064FB
:1084F800002136E7B1FBF2FC010C144680B2964627
:1085080041EA08412026904640EA01431046B1FB63
:10851800F2F1A3EB080341EA0C414BE7B740C6F17F
:10852800200301FA06F221FA03F84FEA174E20FA5F
:1085380003F3BCB2B0401343020C190C80B2B8FB71
:10854800FEF90EFB198841EA084109FB04F8884541
:1085580051D9791809F1FF3C2CBF4FF0010A4FF0AF
:10856800000A884502D9BAF1000F31D0A1EB080101
:10857800B1FBFEF909FB04F80EFB19119BB243EAA3
:108588000143434535D2FB1809F1FF312CBF4FF0A9
:10859800010A4FF0000A4345BBD2BAF1000FB8D127
:1085A800A9F102013B44B4E7841A68EB03020120F5
:1085B8009646EBE63A44A8F102082BE7ACF1020C28
:1085C8003B4410E702393B44A9E63A440238BEE688
:1085D800A7EB0808A9F1020C4144B1FBFEF909FB1D
:1085E80004F8C9E7AEF1020E3C4444E7023B3C44C0
:1085F8005EE749468DE7A1EB0801CC46B1FBFEF9E1
:1086080009FB04F8B8E700BF704700BF80B485B025
:1086180000AF0346FB710CE00323FB8103E000BFBE
:10862800FB89013BFB81FB89002BF8D1FB79013BDE
:10863800FB71FB79002BEFD100BF00BF1437BD469B
:108648005DF8047B704780B485B000AF78600B4656
:10865800FB700023FB730023BB7320E0BB7B7A68AD
:1086680013441A78FB7B5340FB7300237B7310E0A1
:1086780097F90F305B005BB297F90F20002A01DAF7
:10868800072200E0002253405BB2FB737B7B01337F
:108698007B737B7B072BEBD9BB7B0133BB73BA7B2B
:1086A800FB78013B9A42D9DBFB7B18461437BD4661
:1086B8005DF8047B704780B586B002AFF860B9609A
:1086C8007A607B80FB685868FB681B890022194622
:1086D80005F04AF8FB6818687A88BB690093134666
:1086E8007A68B96808F020FF00BFFB681B68184665
:1086F80009F062FA0346012BF7D1FB685868FB685A
:108708001B890122194605F02FF800BF1037BD4616
:1087180080BD80B582B000AF78607B68D8687B6820
:108728001B8A0022194605F01FF8012004F060FAA0
:108738007B68D8687B681B8A0122194605F014F803
:10874800C82004F055FA00BF0837BD4680BD0000B8
:1087580080B586B002AF78604FF48C720021104863
:108768000BF09AF8AE233B73AE237B7307F10C0131
:108778004FF0FF3300930223094A7868FFF79BFF05
:10878800074B1B78EA2B03D1054B5B78EA2B01D00A
:10879800EE2301E0024B5B7818461037BD4680BDDA
:1087A8003002002080B584B002AF78604FF48C723C
:1087B80000210F480BF070F84FF0FF33009310239F
:1087C8000B4A0C497868FFF776FF094B1B78EA2BB0
:1087D80005D0074B1B78DE2B01D0002303E00120D6
:1087E800FFF714FF012318460837BD4680BD00BFB8
:1087F800300200204803002080B588B002AFF8603E
:10880800B9601346FB710023FB75FB68BA681A60F0
:10881800FB68FA799A751022AE2131480BF03CF8C2
:108828004FF0FF33009310232E4A2D49F868FFF7C5
:1088380042FFF868FFF76DFFF868FFF7B3FF0346DC
:1088480083F00103DBB2002B01D0E02344E04FF4B6
:108858008C72AE2124480BF01FF8234BC0221A70EB
:10886800FB689A7D204B5A70FB68DA7D1E4B9A7024
:10887800FB681A7E1C4BDA70FB685A7E1A4B1A7119
:10888800FB689A7E184B5A71FB68DA7E164B9A7110
:10889800FB681A7F144BDA7110211348FFF7D3FED7
:1088A80003461A46104BDA734FF0FF330093102338
:1088B8000C4A0D49F868FFF7FEFE0520FFF7A6FEF3
:1088C800F868FFF745FF0346EE2B01D1EE23FB7551
:1088D8000120FFF79BFEFB7D18461837BD4680BD7B
:1088E80048030020300200201801002080B588B01D
:1088F80002AFF860B96011461A460B46FB71134681
:10890800BB804FF48C72AA212B480AF0C5FFA02324
:108918003B75FB790133DBB27B7507F114014FF02E
:10892800FF3300930223244AF868FFF7C4FE224B62
:108938001B78EA2B01D0EE2339E00120FFF766FE11
:108948004FF48C72AA211C480AF0A6FF4FF48C72CF
:10895800AA211A480AF0A0FF184BA0221A70002377
:10896800FB750AE0FB7DBA681A44FB7D0133117878
:10897800124AD154FB7D0133FB75FA7DFB799A428B
:10898800F0D3FB799BB201339BB24FF0FF320092D8
:10899800094A0A49F868FFF78EFE0120FFF736FEFC
:1089A800054B1B78EA2B01D0EE2300E00023184684
:1089B8001837BD4680BD00BF3002002018010020D6
:1089C80080B586B002AF786039604FF48C72AA2106
:1089D80031480AF061FFA1233B72AE237B7207F195
:1089E80008014FF0FF33009302232B4A7868FFF702
:1089F80062FE294B1B78A12B03D1274B5B78002BF8
:108A080001D1EE2344E00120FFF700FE224B5B7802
:108A1800BB734FF48C72AA211F480AF03DFF4FF434
:108A28008C72AA211D480AF037FF1C4BA1221A702C
:108A3800BB7B013B1A46AE2119480AF02DFFBB7BD0
:108A48009BB24FF0FF320092134A14497868FFF73F
:108A580032FE0120FFF7DAFD0F4B1B78A12B16D150
:108A6800BB7B023B7B730023FB730AE0FB7B5A1C36
:108A7800FB7B39680B4408498A5C1A70FB7B01331D
:108A8800FB73FA7B7B7B9A42F0D37B7B00E000236D
:108A980018461037BD4680BD30020020180100205E
:108AA8001901002080B400AFBFF34F8F00BF064B01
:108AB800DB6803F4E0620449044B1343CB60BFF363
:108AC8004F8F00BF00BFFDE700ED00E00400FA058E
:108AD80080B588B000AF7860EE23FB770023BB60D9
:108AE80004F01EFB0423FB6002233B610123BB61EE
:108AF8007B687B6107F1080207F10C0311461846F1
:108B080004F0F4FB0346FB7704F030FBFB7F1846C8
:108B18002037BD4680BD000080B58AB000AFF86040
:108B2800B9601346FB8004F0FBFA0023FB8436E0AF
:108B3800FA88FB8CD31ABB8407F110031022FF219B
:108B480018460AF0A9FEFB8CBA68D118BB8C102B0A
:108B580028BF10239BB21A4607F1100318460AF0E3
:108B6800C7FEFA8CFB68134407F11002194602206D
:108B780004F098FA034687F8233097F82330002B3F
:108B880003D004F0F3FA012310E000BF094B1B6A7D
:108B980003F00103012BF9D0FB8C1033FB84FA8C12
:108BA800FB889A42C4D304F0E1FA00231846283718
:108BB800BD4680BD0020024084B080B582B000AFC1
:108BC800786007F1140080E80E0007F114032722EB
:108BD80019467868FFF7A0FF034618460837BD46D0
:108BE800BDE8804004B0704780B584B000AFF8603D
:108BF800384680E80E003B460A221946F868FFF717
:108C08008BFF00BF1037BD4680BD80B487B000AF72
:108C1800F860B9601346FB800023FB820CE0FA8AF7
:108C2800FB6813441946FB8ABA6813440A78D2B21F
:108C38001A70FB8A0133FB82FA8AFB889A42EED3C8
:108C480000BF00BF1C37BD465DF8047B704780B588
:108C580082B000AF78603960272239687868FFF7FA
:108C6800D4FF00BF0837BD4680BD80B582B000AFD5
:108C7800786039600A2239687868FFF7C6FF00BF54
:108C88000837BD4680BD000080B582B000AF3C49C2
:108C98003C48FFF7DCFF012003F0AAFF27213848F2
:108CA80001F024FC0346FB71354B1B78252B05D1BD
:108CB800334B93F82630FA799A425DD0002280210E
:108CC800314804F051FD322003F092FF0122802147
:108CD8002D4804F049FD4FF4FA7003F089FF002293
:108CE8008021294804F040FD322003F081FF012251
:108CF8008021254804F038FD4FF4FA7003F078FF1E
:108D080000228021204804F02FFD322003F070FF5C
:108D1800012280211C4804F027FD4FF4FA7003F06B
:108D280067FF00228021184804F01EFD322003F05E
:108D38005FFF01228021144804F016FD4FF4FA70F9
:108D480003F056FF002280210F4804F00DFD322069
:108D580003F04EFF012280210B4804F005FD4FF47B
:108D6800FA7003F045FF0720FFF7B2FE4FF47A7060
:108D780003F03EFFFFF796FE00BF0837BD4680BDF3
:108D88006004002000E001080004024280B500AF42
:108D98006A496B48FFF769FF684B1B78EA2B11D1CA
:108DA800664B5B780133DAB2644B5A700620FFF7E2
:108DB8008FFE322003F01CFF604B0ECB6048FFF79C
:108DC80013FF11E0322003F013FF0620FFF780FEA7
:108DD8005C4B0ECB5A48FFF707FF322003F008FF21
:108DE80056495748FFF741FF544B5B78092B40F22F
:108DF8009980524B5B780C2B00F294800720FFF788
:108E080067FE00222021504804F0AEFC0022802199
:108E18004D4804F0A9FC4FF4967003F0E9FE0122D6
:108E28002021494804F0A0FC01228021464804F092
:108E38009BFC4FF4967003F0DBFE00222021424891
:108E480004F092FC002280213F4804F08DFC4FF48E
:108E5800967003F0CDFE012220213B4804F084FCEB
:108E680001228021384804F07FFC4FF4967003F00B
:108E7800BFFE00222021344804F076FC0022802125
:108E8800314804F071FC4FF4967003F0B1FE0122F2
:108E980020212D4804F068FC012280212A4804F092
:108EA80063FC4FF4967003F0A3FE002220212648AD
:108EB80004F05AFC00228021234804F055FC4FF4AA
:108EC800967003F095FE012220211F4804F04CFC07
:108ED800012280211C4804F047FC4FF4967003F0EF
:108EE80087FE00222021184804F03EFC0022802141
:108EF800154804F039FC4FF4967003F079FE01220E
:108F08002021114804F030FC012280210E4804F091
:108F18002BFC4FF4967003F06BFE0620FFF7D8FD8C
:108F2800FFF7C0FD4FF4FA7003F062FE0620FFF76A
:108F3800CFFD0A2003F05CFE00BF80BD5800002072
:108F480000C00108640000200004024280B500AFA0
:108F580003F090FD00F0BCF800F0FEFA00F05AF9BA
:108F680000F0AEF900F002FA00F0AAFA00F054FAA4
:108F780000F02EF900F020F962B600BF012220218E
:108F88004A4804F0F1FB01228021484804F0ECFB38
:108F980001224021454804F0E7FB01224FF480718B
:108FA800424804F0E1FB142003F022FE00222021B5
:108FB8003E4804F0D9FB002280213C4804F0D4FB51
:108FC80000224021394804F0CFFB00224FF4807181
:108FD800364804F0C9FBFFF7D9FEFFF755FE00221B
:108FE8002021324804F0C0FB002280212F4804F0E1
:108FF800BBFB002240212D4804F0B6FB00224FF4B1
:1090080080712A4804F0B0FB4FF480720021284890
:109018000AF042FC4FF48072002126480AF03CFC1A
:109028004FF48072002124480AF036FC4FF4807215
:10903800002122480AF030FC01F042FE01F056FE01
:109048001F4808F007FF01222021184804F08CFB74
:1090580001228021154804F087FB01224021134892
:1090680004F082FB01224FF48071104804F07CFB6D
:1090780000221021134804F077FB134B1B680133BF
:10908800114A1360114B1B78002B03D001F060FCD0
:1090980001F012FD01F010FB01F050FE01F004FA9E
:1090A80001F032FB02F010FBE7E700BF00040242C8
:1090B80050080020500700205C0A00205C090020AE
:1090C8004C060020000002422C0700205609002010
:1090D80080B59CB000AF07F120035022002118464C
:1090E8000AF0DAFB07F1080300221A605A609A6056
:1090F800DA601A615A612E4B1B692D4A23F030033E
:1091080013612B4B1B6903F030037B607B6800BF46
:10911800274B5B6903F00803082BF9D109233B624D
:109128004FF480337B624FF08063BB630223BB64E0
:109138000323FB6401233B6512237B650223BB6584
:109148000423FB6502233B660C237B660023BB6676
:109158000023FB6607F12003184604F011FC0346C0
:10916800002B01D000F0D0FA1F23BB600323FB6063
:1091780000233B6100237B610023BB610023FB616B
:1091880007F108030321184605F032F80346002BBF
:1091980001D000F0B9FA074B1B6823F03003054AE9
:1091A80043F01003136000BF7037BD4680BD00BF99
:1091B800000802440020024080B500AF04F038FBEC
:1091C8000346002B01D000F09FFA00BF80BD0000CD
:1091D80080B500AF0D4B0E4A1A600C4B07225A603F
:1091E8000A4B40F6FF72DA60084B40F23B129A6075
:1091F800064B00221A61054804F02AFB0346002B9F
:1092080001D000F081FA00BF80BD00BF88040020B3
:109218000030004080B500AF274B284A1A60264B23
:109228004FF480025A60244B00229A60224B072296
:10923800DA60214B00221A611F4B00225A611E4B33
:109248004FF080629A611C4B4FF08042DA611A4BF2
:1092580000221A62184B00225A62174B00229A62A7
:10926800154B0722DA62144B4FF080425A63124BB7
:1092780000229A63104B0022DA630F4B00229A6493
:109288000D4B0022DA640C4B00221A650A4B0022AF
:109298005A65094B00229A65074B0022DA65064B8E
:1092A80000221A66044807F0B7FB0346002B01D0DA
:1092B80000F02AFA00BF80BD9C0400200030014065
:1092C80080B500AF274B284A1A60264B4FF480021E
:1092D8005A60244B00229A60224B0722DA60214B05
:1092E80000221A611F4B00225A611E4B4FF0806208
:1092F8009A611C4B4FF08052DA611A4B00221A62B5
:10930800184B00225A62174B00229A62154B07220B
:10931800DA62144B4FF080425A63124B00229A6370
:10932800104B0022DA630F4B00229A640D4B002287
:10933800DA640C4B00221A650A4B00225A65094B65
:1093480000229A65074B0022DA65064B00221A664E
:10935800044807F061FB0346002B01D000F0D4F964
:1093680000BF80BD2C0500200038004080B500AF4C
:10937800274B284A1A60264B4FF480025A60244B28
:1093880000229A60224B0722DA60214B00221A61E0
:109398001F4B00225A611E4B4FF080629A611C4B92
:1093A8004FF08042DA611A4B00221A62184B0022F1
:1093B8005A62174B00229A62154B0722DA62144B45
:1093C8004FF080425A63124B00229A63104B0022DE
:1093D800DA630F4B00229A640D4B0022DA640C4BBF
:1093E80000221A650A4B00225A65094B00229A6529
:1093F800074B0022DA65064B00221A66044807F07C
:109408000BFB0346002B01D000F07EF900BF80BDA6
:10941800BC050020003C004080B588B000AF07F1D3
:10942800100300221A605A609A60DA603B1D00221D
:109438001A605A609A60204B204A1A601E4B4722D5
:109448005A601D4B00229A601B4B40F2E732DA60EB
:10945800194B00221A61184B00225A61164B002240
:109468009A61154808F09FFC0346002B01D000F0D4
:109478004BF94FF480533B6107F1100319460E482E
:1094880008F0BAFE0346002B01D000F03DF9002396
:109498007B600023BB600023FB603B1D1946064828
:1094A80009F0F2F80346002B01D000F02DF900BFB7
:1094B8002037BD4680BD00BF4C060020002C01406F
:1094C80080B500AF224B234A1A60214B4FF4E1329A
:1094D8005A601F4B00229A601D4B0022DA601C4B19
:1094E80000221A611A4B0C225A61194B00229A6108
:1094F800174B0022DA61164B00221A62144B002225
:109508005A62134B00229A62114809F06BF903461C
:10951800002B01D000F0F8F800210D480AF0F1F80E
:109528000346002B01D000F0EFF8002108480AF0AC
:1095380026F90346002B01D000F0E6F804480AF0AB
:10954800A7F80346002B01D000F0DEF800BF80BD6D
:10955800980600200038014080B58AB000AF07F1B6
:10956800140300221A605A609A60DA601A61604B2C
:10957800D3F88C305E4A43F08003C2F88C305C4BE1
:10958800D3F88C3003F080033B613B69584BD3F828
:109598008C30574A43F00403C2F88C30544BD3F84C
:1095A8008C3003F00403FB60FB68514BD3F88C301C
:1095B8004F4A43F00103C2F88C304D4BD3F88C303E
:1095C80003F00103BB60BB68494BD3F88C30484AB1
:1095D80043F00203C2F88C30454BD3F88C3003F0CB
:1095E80002037B607B68424BD3F88C30404A43F0DF
:1095F8000803C2F88C303E4BD3F88C3003F00803D4
:109608003B603B68002241F292013A4804F0ACF812
:1096180000227121384804F0A7F8002241F2F8111D
:10962800364804F0A1F841F292037B610123BB6143
:109638000023FB6100233B6207F1140319462D4800
:1096480003F034FF71237B610123BB610023FB61BD
:1096580000233B6207F114031946274803F026FF4D
:1096680080237B61264BBB610023FB6107F1140358
:109678001946214803F01AFF41F2F8137B610123D0
:10968800BB610023FB6100233B6207F11403194609
:109698001A4803F00BFF4FF480737B610023BB6112
:1096A8000023FB6107F114031946124803F0FEFE7C
:1096B80004237B61124BBB610023FB6107F1140398
:1096C8001946104803F0F2FE002203210D2003F092
:1096D8006BFB0D2003F082FB00220221122003F015
:1096E80063FB122003F07AFB00BF2837BD4680BD1C
:1096F800000C024400080242000002420004024238
:1097080000001110000C024280B400AF72B600BF16
:1097180000BFFDE790B585B000AF04460846114686
:109728001A462346FB710346BB710B46BB801346A2
:10973800FB70FB79082B02D94FF0FF33EFE0BB79C0
:10974800012B05D0002B11DD023B022B0ED811E0B6
:1097580007F10C03042219464FF4706002F066F812
:10976800FB68002B05D16FF00203D8E06FF004030B
:10977800D5E000BFFB7803F00403002B02D06FF0A4
:109788000503CCE0FB78002B28D0BB79012B02D055
:10979800022B08D022E0FB7803F02103002B1AD11A
:1097A8006FF00503BBE0FB7803F02003002B06D025
:1097B80097F90330002B02DB6FF00503AFE0FB786D
:1097C80003F01003002B08D097F90330002B04DBBB
:1097D8006FF00503A3E000BF00E000BFFB79184667
:1097E80000F0ACF8FB799B000133D80097F90330FF
:1097F80023F00F035AB297F9063013435BB2DBB27A
:10980800194601F0C5FFBB88002B10D1464B1B88B9
:109818005A1C91B2444A1180BB80434B1B884FF6B7
:10982800F072934203D1404B4FF440421A80FB79C7
:109838009B000133DB0003F580631A46BB881B0AD3
:109848009BB2DBB21946104601F0A2FFFB799B00E0
:109858000133DB0003F5A0631A46BB88DBB2194667
:10986800104601F095FFFB799B000133DB0003F5FF
:1098780080730121184601F08BFF00BFFB799B0024
:109888000133DB0003F58073184601F035FF03460A
:10989800002BF3D1FB79012202FA03F31BB2DB435D
:1098A8001AB2224B1B881BB213401BB29AB21F4B31
:1098B8001A80FB7803F00102FB7902FA03F31AB26B
:1098C8001A4B1B881BB213431BB29AB2174B1A8050
:1098D800FB79012202FA03F31BB2DB431AB2144BE1
:1098E8001B881BB213401BB29AB2114B1A80FB792A
:1098F800104A002122F81310FB790F4A0021D15495
:1099080000BFFB799B000133DB0003F54073184669
:1099180001F0F2FE0346002BF3D097F90730184602
:109928001437BD4690BD00BF6E00002030070020F0
:1099380032070020340700204407002080B582B099
:1099480000AF0346FB71FB79082B02D94FF0FF33B8
:1099580055E0FB799B000133DB0003F58073102190
:10996800184601F015FF00BFFB799B000133DB00AF
:1099780003F58073184601F0BFFE0346002BF3D1B0
:10998800FB799B000133DB0003F500731F211846A8
:1099980001F0FEFEFB79012202FA03F31BB2DB435E
:1099A8001AB2194B1B881BB213401BB29AB2164B42
:1099B8001A80FB79012202FA03F31BB2DB431AB2C5
:1099C800124B1B881BB213401BB29AB20F4B1A8062
:1099D800FB790F4A002122F81310FB790D4A002168
:1099E800D15400BFFB799B000133DB0003F54073C2
:1099F800184601F081FE0346002BF3D101231846D7
:109A08000837BD4680BD00BF300700203207002060
:109A1800340700204407002080B58AB000AFB96041
:109A28007B600346FB731346BB8107F11401FB7B84
:109A38000822184602F0A6F8FB7B9B000133DB00E6
:109A480003F580734021184601F0A2FE4FF47A73A3
:109A58003B6207E03B6A013B3B623B6A002B01D15A
:109A6800002365E0FB7B9B000133DB0003F580737B
:109A7800184601F041FE0346002BEBD13A7D7B6886
:109A88001A707B6801337A7D1A707B680233BA7D5D
:109A98001A707B680333FA7D1A703B7E1BB21B0277
:109AA8001AB27B7E1BB213431BB29AB23B6B1A806D
:109AB800BB7E1BB21B021AB2FB7E1BB213431BB246
:109AC800FB83FA8BBB899A4202D8FB8BFB8401E0AB
:109AD800BB89FB84FB8C002B05D0FA8CFB7BB96817
:109AE800184602F04FF8FA8BFB8C9A4208D9FA8B89
:109AF800FB8CD31A9AB2FB7B1146184602F09CF8ED
:109B0800FB7B9B000133DB0003F580734021184683
:109B180001F03EFE00BFFB7B9B000133DB0003F539
:109B28008073184601F0E8FD0346002BF3D1FB8C47
:109B380018462837BD4680BD80B586B000AFB960ED
:109B48007B600346FB731346BB810023FB75002330
:109B5800BB82FB7B082B02D94FF0FF331AE1FB7B5A
:109B68009B000133DB00184601F0C6FD034603F0F5
:109B78000F03023B022B02D96FF004030AE100BF76
:109B8800BB89002B02D16FF00D0303E17B681B78C2
:109B98003B613B691B027A680132127813443B61CE
:109BA8003B691B027A680232127813443B613B69B5
:109BB8001B027A680332127813443B613B69002B1D
:109BC8000ED1FB7B9B000133DB00184601F094FDAE
:109BD800034603F00403042B02D06FF00B03D9E013
:109BE8003B8C002B0ED1FB7B9B000133DB0018461E
:109BF80001F082FD034603F00403042B02D06FF04A
:109C08000A03C7E0FB7B9B000133DB0003F54073CD
:109C1800184601F071FD0346FB75FB7D422B08D009
:109C2800FB7D222B05D0FB7D322B02D06FF0060383
:109C3800B0E0FB7B9B000133DB0003F540630422AB
:109C48007968184601F052FEFB7B9B000133DB006C
:109C580003F580531A463B8C1B0A9BB2DBB21946AC
:109C6800104601F095FDFB7B9B000133DB0003F5FB
:109C780088531A463B8CDBB21946104601F088FD22
:109C8800FB7B9B000133DB0003F5F853184601F01A
:109C980033FD03469B02BB82BA89BB8A9A4201D92B
:109CA800BB8ABB81FB7B184601F080FE0346BB8262
:109CB800FB7B9B000133DB0003F54073184601F082
:109CC8001BFD0346002B02D16FF0030362E0334B08
:109CD8001B881A46FB7B42FA03F303F00103002BAF
:109CE80005D0BA89BB8A9A4201D9002352E0BA89C1
:109CF800BB8A9A4200D9D5E700BFBA89FB7BB9680D
:109D0800184601F0E5FEFB7B9B000133DB0003F501
:109D180080732021184601F03BFD00BFFB7B9B00B0
:109D28000133DB0003F58073184601F0E5FC0346B8
:109D3800002BF3D1FB7B9B000133DB0003F50073A1
:109D4800184601F0D9FC034603F01F03FB75FB7DA1
:109D580003F01003002B0CD0FB7B9B000133DB00CE
:109D680003F500731021184601F012FD00BFBB89EE
:109D780010E0FB7D03F00803002BDBD0FB7B9B008E
:109D88000133DB0003F500730821184601F000FDDC
:109D98006FF00C0318461837BD4680BD3007002009
:109DA80080B584B000AF03463A60FB710B46BB71C7
:109DB8000023FB73FB79082B02D94FF0FF33C0E077
:109DC800BB79072B00F2B98001A252F823F000BF3B
:109DD800F99D00084D9E0008679E0008859E0008B2
:109DE800A39E0008D39E0008F39E0008239F000846
:109DF8003B681B78FB73FB7B012B0DD1FB790122A0
:109E080002FA03F31AB2514B1B881BB213431BB25D
:109E18009AB24E4B1A8093E0FB7B002B0FD1FB7953
:109E2800012202FA03F31BB2DB431AB2474B1B8829
:109E38001BB213401BB29AB2444B1A8080E06FF0F9
:109E480009037EE0414B1B881A46FB7942FA03F36B
:109E5800DBB203F00103DAB23B681A7070E0FB79F9
:109E68009B000133DB0003F5F853184601F044FC6E
:109E780003469B029AB23B681A8061E0FB799B001B
:109E88000133DB0003F5F053184601F035FC0346B7
:109E98009B029AB23B681A8052E03B681B781F2BE2
:109EA80002D96FF009034CE0FB799B000133DB001A
:109EB80003F500731A463B681B7803F01F03DBB2F7
:109EC8001946104601F064FC3AE0FB799B00013327
:109ED800DB0003F50073184601F00EFC034603F09F
:109EE8001F03DAB23B681A702AE03B681B781F2B05
:109EF80002D96FF0090324E0FB799B000133DB00F2
:109F080003F530531A463B681B7803F01F03DBB296
:109F18001946104601F03CFC12E0FB799B00013326
:109F2800DB0003F53053184601F0E6FB034603F067
:109F38001F03DAB23B681A7002E06FF0090300E011
:109F4800012318461037BD4680BD00BF30070020EA
:109F580080B400AF00BFBD465DF8047B70470000C9
:109F680080B5B0B000AF786007F1AC0300221A608A
:109F78005A609A60DA601A6107F12003882200218A
:109F8800184609F089FC7B681B687D4A93425BD1BF
:109F98004FF000624FF00003C7E908230023C7F819
:109FA8008C3007F12003184604F064FC0346002BAC
:109FB80001D0FFF7A9FB734BD3F8A430714A43F4DF
:109FC8008053C2F8A4306F4BD3F8A43003F4805305
:109FD800FB61FB696B4BD3F88C306A4A43F004038E
:109FE800C2F88C30674BD3F88C3003F00403BB61A4
:109FF800BB690123C7F8AC300223C7F8B03000238F
:10A00800C7F8B4300023C7F8B8300523C7F8BC3008
:10A0180007F1AC0319465C4803F048FA0C23C7F86B
:10A02800AC300223C7F8B0300023C7F8B43000239F
:10A03800C7F8B8300423C7F8BC3007F1AC03194699
:10A04800514803F033FA97E07B681B684F4A934204
:10A0580047D14FF080524FF00003C7E9082300238F
:10A06800C7F8903007F12003184604F003FC0346B4
:10A07800002B01D0FFF748FB424BD3F89C30414AF4
:10A0880043F48043C2F89C303E4BD3F89C3003F431
:10A0980080437B617B693B4BD3F88C30394A43F072
:10A0A8000203C2F88C30374BD3F88C3003F002032C
:10A0B8003B613B694FF46043C7F8AC300223C7F8F3
:10A0C800B0300023C7F8B4300023C7F8B8300523F0
:10A0D800C7F8BC3007F1AC0319462D4803F0E6F980
:10A0E8004AE07B681B682B4A934245D14FF00052E7
:10A0F8004FF00003C7E908230023C7F8943007F19D
:10A108002003184604F0B6FB0346002B01D0FFF7E6
:10A11800FBFA1C4BD3F89C301A4A43F40043C2F8AC
:10A128009C30184BD3F89C3003F40043FB60FB6869
:10A13800144BD3F88C30134A43F00103C2F88C3027
:10A14800104BD3F88C3003F00103BB60BB680E23BF
:10A15800C7F8AC300223C7F8B0300023C7F8B430D2
:10A168000023C7F8B8300623C7F8BC3007F1AC03A2
:10A178001946094803F09AF900BFC037BD4680BDAB
:10A1880000300140000C0244000802420038004040
:10A1980000040242003C00400000024280B584B046
:10A1A80000AF78607B681B680E4A934216D10E4B4D
:10A1B800D3F8A4300C4A43F40063C2F8A4300A4B25
:10A1C800D3F8A43003F40063FB60FB68002200218D
:10A1D8002A2002F0E9FD2A2002F000FE00BF103715
:10A1E800BD4680BD002C0140000C024480B5ACB0D7
:10A1F80000AF786007F19C0300221A605A609A60E9
:10A20800DA601A6107F1100388220021184609F064
:10A2180043FB7B681B682A4A93424DD14FF00102E9
:10A228004FF00003C7E9042300237B6407F1100300
:10A23800184604F01FFB0346002B01D0FFF764FA11
:10A24800204BD3F8A4301F4A43F48043C2F8A4300B
:10A258001C4BD3F8A43003F48043FB60FB68194B14
:10A26800D3F88C30174A43F00103C2F88C30154BF1
:10A27800D3F88C3003F00103BB60BB684FF4C063B4
:10A28800C7F89C300223C7F8A0300023C7F8A430D1
:10A298000023C7F8A8300723C7F8AC3007F19C03A0
:10A2A8001946094803F002F9002200213A2002F079
:10A2B8007BFD3A2002F092FD00BFB037BD4680BD5D
:10A2C80000380140000C02440000024280B400AF94
:10A2D80000BFFDE780B500AF00228021074803F0EA
:10A2E80043FA642002F084FC01228021034803F031
:10A2F8003BFA642002F07CFC00BFEDE70004024258
:10A3080080B400AF00BFFDE780B400AF00BFFDE739
:10A3180080B400AF00BFFDE780B400AF00BFBD460A
:10A328005DF8047B704780B400AF00BFBD465DF8A0
:10A33800047B704780B400AF00BFBD465DF8047B66
:10A34800704780B500AF02F033FC00BF80BD80B518
:10A3580000AF042003F03AFA00BF80BD80B500AF1B
:10A36800802003F033FA00BF80BD000080B500AF45
:10A37800024807F0F2FD00BF80BD00BF4C06002078
:10A3880080B500AF024808F07DFA00BF80BD00BF6D
:10A398009806002080B483B000AF304BD3F88830E3
:10A3A8002E4A43F47003C2F888302D4B01221A60FC
:10A3B8002B4B0022DA612A4B00221A62284B1A68BA
:10A3C8002749284B13400B60254B00229A62244BE7
:10A3D8000022DA62224B244A5A63214B00229A63F4
:10A3E8001F4B214ADA631E4B00221A641C4B1B6860
:10A3F8001B4A23F480231360194B00221A65174B5C
:10A408001A4A9A601A4B9B6903F060437B607B6829
:10A41800B3F1604F03D07B68B3F1404F17D1144BB1
:10A42800DB6903F00103002B05D0114B114ADA60F8
:10A438000F4B114ADA600E4BDB690D4A43F00203F9
:10A44800D3610B4BDB690A4A43F00103D36100BFB8
:10A458000C37BD465DF8047B704700BF00ED00E097
:10A46800000C0244E3EAE2FA8002010100800008DD
:10A47800002002403B2A19087F6E5D4C80B400AF73
:10A48800BFF34F8F00BF064BDB6803F4E06204495B
:10A49800044B1343CB60BFF34F8F00BF00BFFDE7F2
:10A4A80000ED00E00400FA0580B500AF034B1B780F
:10A4B800002B01D0FFF7E2FF00BF80BD500C002049
:10A4C80080B400AF074B1B684FF47A7203FB02F2AB
:10A4D800054B1B685B6A13441846BD465DF8047B50
:10A4E800704700BF4C0700204C06002080B485B0A0
:10A4F80000AF78600B46FB700023FB730023BB732F
:10A5080020E0BB7B7A6813441A78FB7B5340FB73CB
:10A5180000237B7310E097F90F305B005BB297F96B
:10A528000F20002A01DA072200E0002253405BB224
:10A53800FB737B7B01337B737B7B072BEBD9BB7B6B
:10A548000133BB73BA7BFB78013B9A42D9DBFB7BB7
:10A5580018461437BD465DF8047B704780B582B055
:10A5680000AF0346FB71464B1B78DBB2002B1BD0B8
:10A5780000222021434803F0F7F8434B1B889BB285
:10A5880001339AB2404B11461980FB795B009A421D
:10A598000ADB012220213B4803F0E6F83A4B00226F
:10A5A8001A80374B00221A70384B1B78DBB2002B0D
:10A5B8001BD000224021334803F0D6F8344B1B88C7
:10A5C8009BB201339BB2324A19461180FA7992B292
:10A5D80093420AD3012240212A4803F0C5F82C4BA4
:10A5E80000221A80294B00221A702A4B1B78DBB2F2
:10A5F800002B1ED000228021224803F0B5F8264BFC
:10A608001B889BB201339AB2234B1146198011461D
:10A61800FA7913469B00134499420ADB01228021F0
:10A62800184803F0A1F81C4B00221A80194B00228D
:10A638001A701A4B1B78DBB2002B1DD000224FF486
:10A648008071104803F090F8154B1B889BB20133BA
:10A658009BB2134A19461180FA7992B293420BD3EE
:10A6680001224FF48071074803F07EF80C4B00225A
:10A678001A800A4B00221A7000BF0837BD4680BDF9
:10A688005C0B002000040242600B00205D0B0020E0
:10A69800620B00205E0B0020640B00205F0B002083
:10A6A800660B00200FB480B400AF00BFBD465DF854
:10A6B800047B04B07047000080B500AF0E4B1B78D8
:10A6C800002B11D00D4B1B889BB2B3F5FA6F05D345
:10A6D8000B4B01221A70094B00221A80012280219B
:10A6E800084803F041F804E000228021054803F0FF
:10A6F8003BF800BF80BD00BF56090020760000204F
:10A708005C0B00200004024280B500AF074B1B8899
:10A718009BB240F2DB52934205D9054803F020F979
:10A72800024B00221A8000BF80BD00BF78000020C5
:10A738008804002080B582B000AF0123FB711C4B58
:10A748001B8A9AB2002302210120FEF7E3FF034689
:10A75800012B05D01748FFF7A5FF0023FB7113E075
:10A768000123FB711448FFF79DFF00237B717B1DBC
:10A778001A4600210120FFF713FB64210F48FFF759
:10A7880091FF0F48FFF78EFF0023BB7108E0BB79EC
:10A798000C4A4FF6FF7122F81310BB790133BB71D5
:10A7A800BB79632BF3D9FB7918460837BD4680BDC2
:10A7B800600400202C390108483901086C39010867
:10A7C8008C390108700B002080B485B000AF0346B7
:10A7D8000A46FB711346BB71274BDB7E002B3CD02E
:10A7E800FB791BB21B021AB2BB791BB213431BB213
:10A7F800BB81BB894FF6FF72934230D0BB89002BD7
:10A808002FD0BB894AF6CD3293422CD00023FB735C
:10A8180009E0FB7B194A32F81330BA899A4224D0EE
:10A82800FB7B0133FB73164B1B78FA7B9A42F0D300
:10A83800134B1B781946114ABB8922F81130104B6B
:10A848001B780133DAB20E4B1A700D4B1B78642B50
:10A858000CD10B4B00221A7008E000BF06E000BFC5
:10A8680004E000BF02E000BF00E000BF1437BD46AF
:10A878005DF8047B704700BF60040020700B002067
:10A88800380C002080B485B000AF03460A46FB713F
:10A898001346BB71294BDB7E002B01D1012347E016
:10A8A800FB791BB21B021AB2BB791BB213431BB252
:10A8B800BB810023FB730BE0FB7B214A32F813308A
:10A8C800BA899A4201D1012332E0FB7B0133FB7341
:10A8D8001C4B1B78FA7B9A42EED30023BB730BE028
:10A8E800BB7B194A32F81330BA899A4201D1002346
:10A8F8001EE0BB7B0133BB73BB7B9AB2134B1B8837
:10A908009A42EDD3114B1B8819460F4ABB8922F88E
:10A9180011300E4B1B8801339AB20C4B1A800B4B2B
:10A928001B88B3F57A7F02D1084B00221A800023D6
:10A9380018461437BD465DF8047B70476004002054
:10A94800700B0020380C0020600C00205C0C0020EC
:10A9580080B586B002AF0023FB73EE237B73002320
:10A968003B734FF44A7000F0C7FE03463B733B7BD2
:10A97800222B40F08680012001F061F803467B819C
:10A988007B89072B7DD9FFF79BFD03463F4A136060
:10A998003F4B00933F4B4FF480723F490120FFF734
:10A9A8003BF803463B813B89002B01D1002369E03A
:10A9B8003B89DBB219463848FFF798FD0346FB711F
:10A9C8003B89013B344AD35CFA799A424BD1334BE9
:10A9D8005B680133314A53602F4B1B78AB2B0BD18B
:10A9E8002D4B5B78CD2B07D12D4B01221A702D4BA7
:10A9F80001221A70002345E0274B9B78264A52789B
:10AA080011461846FFF7E0FE0023BB7308E0BA7B47
:10AA1800BB7B2149895C244AD154BB7B0133BB737E
:10AA2800BB7B9BB23A899A42F1D83B89DAB24FF4A0
:10AA38007A731D491D48FDF759FF03467B737B7BDD
:10AA4800002B0DD1194B1B6A0133184A1362134BA3
:10AA58009B680133114A9360154B01221A7010E06C
:10AA6800E123FB730DE04FF4807200210A4808F0DF
:10AA780013FF4FF48072EE210E4808F00DFFE22319
:10AA8800FB73FB7B18461037BD4680BD540C002075
:10AA98005409002050090020500800203C0C0020D8
:10AAA800680B00205E0B00205C09002000000020DD
:10AAB8005D0B00205007002080B584B002AFBB2397
:10AAC800FB7100237B71354B1B78002B61D0334B16
:10AAD80000221A7032493348FDF772FF03467B7132
:10AAE8007B7919462E48FFF701FD03463B717B79B8
:10AAF800013B2B4AD35C3A799A4248D1284B9B7840
:10AB0800274A527811461846FFF7BCFE0346002B29
:10AB18003DD0254BDB680133234AD360214B5B6A68
:10AB28000133204A5362214B00221A70204B002225
:10AB38001A80204B00221A800023BB7108E0BA79E2
:10AB4800BB791749895C1C4AD154BB790133BB7165
:10AB5800BA797B799A42F2D37B799AB2174B1B88E0
:10AB68000093174B14490120FEF7E6FF154B01220D
:10AB78001A700D4B1B6901330B4A1361FFF7A0FCD8
:10AB88000246114B1B68D31A104A136001E0E223F6
:10AB9800FB71FB7918460837BD4680BD5709002070
:10ABA8005C0A0020000000203C0C0020690B0020FB
:10ABB8006A0B00206C0B002050070020540900206D
:10ABC800500900205F0B0020540C0020580C002076
:10ABD80080B483B000AF0346FB80124B5B8AFA88CF
:10ABE8009A4209D1104B1B889BB201339AB20E4B83
:10ABF8001A800E4B01221A700D4B5B8AFA889A4212
:10AC080009D10C4B1B889BB201339AB2094B1A80AD
:10AC1800094B01221A7000BF0C37BD465DF8047B52
:10AC2800704700BF000000203014002057090020A2
:10AC38002C000020321400205809002080B582B072
:10AC480000AF78607B681A68174B1B689A4227D157
:10AC5800164B1B680133154A1360154B1B889BB2B2
:10AC680001339AB2124B1A80124B1B889BB20133E4
:10AC78009AB2104B1A80104B1B78002B0BD00F4B3D
:10AC88001B8847F22F52934205D80C4B1B8801337F
:10AC98009AB20A4B1A800820FFF760FC00F0CEFC3D
:10ACA80000BF0837BD4680BD4C0600204C07002079
:10ACB8007600002078000020690B00206A0B002035
:10ACC80080B500AF01F05AF801F0E0F8FFF732FD67
:10ACD8000346012B03D1044B01221A7002E0024BF8
:10ACE80000221A7000BF80BD5609002080B500AF51
:10ACF8000B4B9B7E1A460B490B48FDF77DFD03461F
:10AD08001A460A4B1A70064B9B7E1A460849094890
:10AD1800FDF772FD03461A46074B1A7000BF80BD47
:10AD2800600400209C04002000000020341400204F
:10AD3800BC0500202C000020351400202DE9F0412E
:10AD4800AEB008AF6B469846A14B1B7883F0010361
:10AD5800DBB2002B02D0002300F063BC9C4B002226
:10AD68001A700C2387F8953097F895603346013BA5
:10AD7800C7F89030F3B200221C4615464FF0000287
:10AD88004FF00003EB0043EA5473E200F3B20022F1
:10AD9800184611464FF000024FF00003CB0043EA7B
:10ADA8005073C20033460733DB08DB00ADEB030DFD
:10ADB80008AB0033C7F88C30864B9B7887F88B300C
:10ADC80097F895301A46FE21D7F88C0008F064FDF4
:10ADD800D7F88C30AB221A70D7F88C30CD225A7045
:10ADE800D7F88C3097F88B209A7097F88B30B12B66
:10ADF80046D1794B1A7BD7F88C30DA70764B5A7B70
:10AE0800D7F88C301A71744B9A7BD7F88C305A71FA
:10AE1800714BDA7BD7F88C309A716F4B1B8A9BB2D7
:10AE28001B0A9BB2DAB2D7F88C30DA716A4B1B8AEC
:10AE38009BB2DAB2D7F88C301A72D7F88C3000226D
:10AE48005A72654B9A7ED7F88C309A7297F895307B
:10AE58001946D7F88C00FFF749FB03461A46D7F87E
:10AE68008C30DA7297F895309AB25C4B1B88009355
:10AE78005B4BD7F88C100120FEF75EFE0123D0E370
:10AE880097F88B30B22B1ED1564B1A78D7F88C30E6
:10AE9800DA7097F895301946D7F88C00FFF726FB3B
:10AEA80003461A46D7F88C30DA7297F895309AB27A
:10AEB8004A4B1B8800934A4BD7F88C100120FEF7A9
:10AEC8003BFE0123ADE397F88B30B32B1ED1424BE9
:10AED800DA7ED7F88C30DA7097F895301946D7F8BB
:10AEE8008C00FFF703FB03461A46D7F88C30DA725A
:10AEF80097F895309AB2394B1B880093384BD7F89E
:10AF08008C100120FEF718FE01238AE397F88B3096
:10AF1800B42B69D1304BDB7B87F87C300F2387F863
:10AF28007D30222387F87E302B4B5B78DBB287F8A5
:10AF38007F30294B9B7887F88030274BDB7887F860
:10AF48008130254B1B7987F88230234BB3F80530C5
:10AF58009BB21B0A9BB2DBB287F883301E4BB3F857
:10AF680005309BB2DBB287F884301B4B9B681B0E05
:10AF7800DBB287F88530184B9B681B0CDBB287F86F
:10AF88008630154B9B681B0ADBB287F88730124B5B
:10AF98009B68DBB287F888300F4BDB7987F88930FC
:10AFA80097F87D2007F17C0311461846FFF79EFAB3
:10AFB800034687F88A30094B1B8807F17C01009308
:10AFC800074B0F220120FEF7B7FD012329E300BF3D
:10AFD800680B00205008002060040020540900205D
:10AFE800500900207400002097F88B30B52B40F0F2
:10AFF80090809E4BDB78B62B40F08B809B4B1B7967
:10B00800B72B40F08680002387F897300720FDF79C
:10B018005FFD03461A4697F89730134487F8973030
:10B028000A2001F0E5FD924B1C4607F12C0604F1BD
:10B03800200C35462346186859689A68DB680FC59E
:10B04800103410366445F4D133462246106818602F
:10B058009188927999809A71112387F82D3007F198
:10B068002C0327211846FFF741FA034687F8523088
:10B078006C4607F138050FCD0FC495E8070003C4E7
:10B0880022800234130C237007F12C030ECB79486D
:10B09800FDF792FD03461A4697F89730134487F850
:10B0A800973097F89730002B03D1592387F89730BA
:10B0B80002E04F2387F897306D4BDB7B87F87430BD
:10B0C800052387F87530B52387F8763097F89730D9
:10B0D80087F8773097F8752007F1740311461846FA
:10B0E800FFF704FA034687F8783097F875301A4660
:10B0F800614B1B8807F174010093604B0120FEF738
:10B108001BFD97F89730592B01D1FFF7B7F90123A9
:10B1180087E297F88B30C02B40F08B80AB2387F801
:10B128005430CD2387F8553097F88B3087F8563050
:10B13800534B1B7887F85730514B5B7887F858305A
:10B148004F4B9B7887F859304D4BDB7887F85A304E
:10B158004B4B5B681B0EDBB287F85B30484B5B6878
:10B168001B0CDBB287F85C30454B5B681B0ADBB213
:10B1780087F85D30424B5B68DBB287F85E30404B46
:10B188009B681B0EDBB287F85F303D4B9B681B0C3E
:10B19800DBB287F860303A4B9B681B0ADBB287F852
:10B1A8006130374B9B68DBB287F86230344BDB6821
:10B1B8001B0EDBB287F86330314BDB681B0CDBB24C
:10B1C80087F864302E4BDB681B0ADBB287F86530E2
:10B1D8002B4BDB68DBB287F86630294B1B691B0EEB
:10B1E800DBB287F86730264B1B691B0CDBB287F88C
:10B1F8006830234B1B691B0ADBB287F86930204B88
:10B208001B69DBB287F86A3007F154031821184626
:10B21800FFF76CF9034687F86B30174B1B8807F16B
:10B2280054010093154B18220120FEF785FC0123D9
:10B23800F7E197F88B30A02B24D197F895301A4670
:10B248000A49D7F88C0008F053FB97F895309AB262
:10B25800094B1B880093094BD7F88C100120FEF787
:10B268006BFC0A2001F0C4FCFFF708F95008002025
:10B278006004002000E00108540900205009002063
:10B288003C0C0020002387F8963097F88B30A12BD0
:10B2980040F0C68100222021994802F065FA002278
:10B2A8008021974802F060FA00224021944802F079
:10B2B8005BFA00224FF48071914802F055FA9148E8
:10B2C80006F01CFE904B1C463E1D04F1200C354632
:10B2D8002346186859689A68DB680FC51034103619
:10B2E8006445F4D1334622461068186091889279F3
:10B2F80099809A71854BDB783B74844B1B797B74FE
:10B30800824B5B79BB74814B9B79FB747F4BDB79F8
:10B318001BB21B021AB27D4B1B7A1BB213431BB222
:10B328009BB2BB82794B5B7A1BB21B021AB2774B7A
:10B338009B7A1BB213431BB29BB2BB83734B9B7AA2
:10B34800BB773B1D27211846FFF7D0F8034687F83F
:10B358002A30002387F896300720FDF7B9FB03460B
:10B368001A4697F89630134487F896300A2001F069
:10B378003FFC6C4607F110050FCD0FC495E8070098
:10B3880003C422800234130C23703B1D0ECB60488B
:10B39800FDF712FC03461A4697F89630134487F8CF
:10B3A8009630642001F024FC07F12C031946584814
:10B3B800FDF74DFC97F8524007F12C03272118465A
:10B3C800FFF794F803469C4202D04F2387F8963043
:10B3D80097F896304F2B40F0A180D7F88C304F2249
:10B3E800DA7097F895305C1E97F895301946D7F8BB
:10B3F8008C00FFF77BF803461A46D7F88C301A55AD
:10B4080097F895309AB2434B1B880093424BD7F874
:10B418008C100120FEF790FB0720FDF759FB012255
:10B428002021374802F0A0F901228021344802F097
:10B438009BF9C82001F0DCFB00222021304802F0F3
:10B4480093F9002280212E4802F08EF94FF4FA7009
:10B4580001F0CEFB01222021294802F085F90122C2
:10B468008021274802F080F94FF4FA7001F0C0FB00
:10B4780000222021224802F077F90022802120486A
:10B4880002F072F94FF4FA7001F0B2FB01222021A8
:10B498001B4802F069F901228021194802F064F979
:10B4A8004FF4FA7001F0A4FB00222021144802F0A6
:10B4B8005BF900228021124802F056F94FF4FA7025
:10B4C80001F096FB012220210D4802F04DF90122DE
:10B4D80080210B4802F048F94FF4FA7001F088FB1C
:10B4E80000222021064802F03FF90022802104486A
:10B4F80002F03AF94FF4FA7001F07AFB8EE000BFDF
:10B50800000402424C06002060040020500800207D
:10B5180000E001085409002050090020D7F88C30B9
:10B528005922DA7097F895305C1E97F895301946CD
:10B53800D7F88C00FEF7DAFF03461A46D7F88C30A6
:10B548001A5597F895309AB2394B1B880093394BA6
:10B55800D7F88C100120FEF7EFFA01222021364897
:10B5680002F002F901228021334802F0FDF8C820D8
:10B5780001F03EFB002220212F4802F0F5F80122BD
:10B5880080212D4802F0F0F84FF4FA7001F030FBFA
:10B5980001222021284802F0E7F8002280212648CD
:10B5A80002F0E2F84FF4FA7001F022FB00222021A9
:10B5B800214802F0D9F8012280211F4802F0D4F86E
:10B5C8004FF4FA7001F014FB012220211A4802F00E
:10B5D800CBF800228021184802F0C6F84FF4FA7020
:10B5E80001F006FB00222021134802F0BDF80122D9
:10B5F8008021114802F0B8F84FF4FA7001F0F8FA17
:10B60800012220210C4802F0AFF8002280210A48CC
:10B6180002F0AAF84FF4FA7001F0EAFAFEF72EFFEA
:10B628000023C54618469837BD46BDE8F08100BFDF
:10B6380054090020500900200004024280B400AFE1
:10B648001F4B1B8801339AB21D4B1A801C4B1B8859
:10B65800B3F57A7F08D31B4BDB780133DAB2194B89
:10B66800DA70174B00221A80164BDB783B2B08D96F
:10B67800144B9B780133DAB2124B9A70114B0022AB
:10B68800DA70104B9B783B2B08D90E4B5B78013353
:10B69800DAB20C4B5A700B4B00229A70094B5B784C
:10B6A800172B08D9074B1B780133DAB2054B1A70F0
:10B6B800044B00225A7000BFBD465DF8047B7047FA
:10B6C800361400203C0C002080B500AF084B1B78D6
:10B6D80083F00103DBB2002B07D1054B00221A705F
:10B6E8001021044802F058F800E000BF80BD00BFF8
:10B6F800580900200000024280B584B000AF78608D
:10B70800224BDB689847214B5B6998471F4B5B6A64
:10B71800002B03D01D4B9B6A002B14D11B4B1B6ABB
:10B728007A68120CD2B210469847184B1B6A7A688E
:10B73800120AD2B210469847144B1B6A7A68D2B2E2
:10B748001046984711E07B681B0CDBB23B737B68A3
:10B758001B0ADBB27B737B68DBB2BB730B4B9B6A48
:10B7680007F10C02032110469847084BDB699847FC
:10B778000346FB73054B9B699847044B1B69984725
:10B78800FB7B18461037BD4680BD00BFAC000020CB
:10B7980080B584B000AF78600B46FB70224BDB6845
:10B7A8009847214B5B6998477B6843F004037B60AB
:10B7B8001D4B9B6A002B19D11B4B1B6A7A68120C14
:10B7C800D2B210469847184B1B6A7A68120AD2B24E
:10B7D80010469847144B1B6A7A68D2B210469847AD
:10B7E800114B1B6AFA781046984713E07B681B0CCC
:10B7F800DBB23B737B681B0ADBB27B737B68DBB213
:10B80800BB73FB78FB73084B9B6A07F10C0204219E
:10B8180010469847044B9B699847034B1B69984708
:10B8280000BF1037BD4680BDAC00002090B587B082
:10B8380000AFF860B9601346FB802B4BDB68984774
:10B84800294B5B699847284B5B6A002B03D0264B32
:10B858009B6A002B26D1244B1B6AFA68120CD2B2C1
:10B8680010469847204B1B6AFA68120AD2B2104653
:10B8780098471D4B1B6AFA68D2B2104698470023B6
:10B88800FB820AE0184BDB69FA8AB9688C1898477A
:10B8980003462370FB8A0133FB82FA8AFB889A42AB
:10B8A800F0D317E0FB681B0CDBB23B74FB681B0A88
:10B8B800DBB27B74FB68DBB2BB740B4B9B6A07F192
:10B8C8001002032110469847074B5B6AFA88114615
:10B8D800B8689847044B9B699847034B1B6998477E
:10B8E80000BF1C37BD4690BDAC00002080B586B0B7
:10B8F80000AFF860B9601346FB802B4BDB689847B4
:10B90800294B5B699847FB6843F00403FB60264BAF
:10B918009B6A002B26D1244B1B6AFA68120CD2B200
:10B9280010469847204B1B6AFA68120AD2B2104692
:10B9380098471D4B1B6AFA68D2B2104698470023F5
:10B94800FB820AE0184B1B6AFA8AB9680A44127823
:10B9580010469847FB8A0133FB82FA8AFB889A4291
:10B96800F0D317E0FB681B0CDBB23B74FB681B0AC7
:10B97800DBB27B74FB68DBB2BB740B4B9B6A07F1D1
:10B988001002032110469847074B9B6AFA88114614
:10B99800B8689847044B9B699847034B1B699847BD
:10B9A80000BF1837BD4680BDAC00002090B585B0FB
:10B9B80000AF0346FB710023FB810023BB81FB79A9
:10B9C8009B000133DB0003F500531846FFF794FE94
:10B9D8000346BB81BB891B029CB2FB799B000133E8
:10B9E800DB0003F504531846FFF786FE034623449D
:10B9F800BB81BB89002B19D0FB799B000133DB008D
:10BA080003F500531846FFF777FE0346FB81FB89D1
:10BA18001B029CB2FB799B000133DB0003F5045346
:10BA28001846FFF769FE03462344FB81FA89BB8960
:10BA38009A42C4D1FB8918461437BD4690BD90B5CB
:10BA480085B000AF0346FB710023FB810023BB8157
:10BA5800FB799B000133DB0003F518531846FFF709
:10BA68004BFE0346BB81BB891B029CB2FB799B0042
:10BA78000133DB0003F51C531846FFF73DFE034670
:10BA88002344BB81BB89002B19D0FB799B00013370
:10BA9800DB0003F518531846FFF72EFE0346FB811B
:10BAA800FB891B029CB2FB799B000133DB0003F589
:10BAB8001C531846FFF720FE03462344FB81FA89EE
:10BAC800BB899A42C4D1FB8918461437BD4690BD3C
:10BAD80090B585B000AF03463960FB711346BB8053
:10BAE8000023FB810023BB60BB88002B46D0FB7979
:10BAF8009B000133DB0003F510531846FFF7FCFDEC
:10BB080003461B029CB2FB799B000133DB0003F563
:10BB180014531846FFF7F0FD03462344FB81FB89C5
:10BB28001A02FB799B000233DB001344BB60BB881D
:10BB38001A463968B868FFF7D9FEFA89BB881344F2
:10BB4800FB81FB799B000133DB0003F510531A4698
:10BB5800FB891B0A9BB2DBB219461046FFF718FE99
:10BB6800FB799B000133DB0003F514531A46FB896C
:10BB7800DBB219461046FFF70BFE00E000BF143792
:10BB8800BD4690BD90B585B000AF03463960FB71E6
:10BB98001346BB800023FB810023BB60BB88002BBE
:10BBA80046D0FB799B000133DB0003F52053184690
:10BBB800FFF7A2FD03461B029CB2FB799B000133F1
:10BBC800DB0003F524531846FFF796FD034623448C
:10BBD800FB81FB891A02FB799B000333DB001344CA
:10BBE800BB60BB881A463968B868FFF71FFEFA8938
:10BBF800BB881344FB81FB799B000133DB0003F511
:10BC080020531A46FB891B0A9BB2DBB21946104621
:10BC1800FFF7BEFDFB799B000133DB0003F52453DE
:10BC28001A46FB89DBB219461046FFF7B1FD00E062
:10BC380000BF1437BD4690BD90B585B000AF034630
:10BC48000A46FB711346BB800023FB81FB799B00EE
:10BC58000133DB0003F520531846FFF74DFD03467B
:10BC68001B029CB2FB799B000133DB0003F52453D4
:10BC78001846FFF741FD03462344FB81FA89BB8838
:10BC88001344FB81FB799B000133DB0003F5205350
:10BC98001A46FB891B0A9BB2DBB219461046FFF70E
:10BCA80077FDFB799B000133DB0003F524531A462B
:10BCB800FB89DBB219461046FFF76AFD00BF14374F
:10BCC800BD4690BD80B500AF00224FF480510248B8
:10BCD80001F04AFD00BF80BD0004024280B500AFFC
:10BCE80001224FF48051024801F03EFD00BF80BDA3
:10BCF8000004024280B582B000AF78600B467B80BA
:10BD08007A884FF0FF337968034805F087F900BF58
:10BD18000837BD4680BD00BF2C05002080B582B025
:10BD280000AF78600B467B807A884FF0FF337968E4
:10BD3800034804F071FF00BF0837BD4680BD00BF4F
:10BD48002C05002080B582B000AFFB1D01211846EC
:10BD5800FFF7D0FFFB7918460837BD4680BD80B590
:10BD680082B000AF0346FB71FB1D01211846FFF7A7
:10BD7800D5FF00BF0837BD4680BD000080B500AFC5
:10BD88003548FEF78FFC354B1A7B354B1A70334B11
:10BD98005A7B334B5A70314B9A7B314B9A702F4BED
:10BDA800DA7B2F4BDA702D4B1B8A9BB21B0A9BB296
:10BDB800DAB22B4B1A71294B1B8A9BB2DAB2284B89
:10BDC8005A71264B1A7B264B9A71244B5A7B244B6B
:10BDD800DA71224B9A7B224B1A72204BDA7B204B6A
:10BDE8005A721E4B9A7C1F4B1A701C4BDA7C1D4BE7
:10BDF8005A701A4B1A7D1B4B9A70184B5A7D194B67
:10BE0800DA70164BDB8A9AB2174B1A80002280210F
:10BE1800164801F0A9FC052000F0EAFE0122802165
:10BE2800124801F0A1FC642000F0E2FE104911481C
:10BE380000F0B2F81049114800F0D4F81049114840
:10BE480000F0FCF81049104800F08EFA044800F0A1
:10BE5800FBFC00BF80BD00BFD83A01086004002089
:10BE68007C000020500900205409002000080242EC
:10BE7800E5BC0008CDBC000867BD00084DBD000842
:10BE880025BD0008FDBC00089400002080B500AF67
:10BE98000B49002000F0DEF9642000F0A9FE0949F2
:10BEA800012000F0F7F80346B3F1FF3F03D106483D
:10BEB800FEF7F8FB02E00548FEF7F4FB00BF80BD83
:10BEC8007C0000209C000020F03A0108103B01088B
:10BED80080B400AF00BFBD465DF8047B704780B4F6
:10BEE80000AF00BFBD465DF8047B704780B400AF6B
:10BEF80000BFBD465DF8047B704780B400AF00BF4B
:10BF0800BD465DF8047B704780B483B000AF7860AD
:10BF18007B681B78DBB218460C37BD465DF8047B9E
:10BF2800704780B483B000AF78600B46FB707B68C5
:10BF3800FA781A7000BF0C37BD465DF8047B70476D
:10BF480080B400AF00231846BD465DF8047B7047F7
:10BF580080B483B000AF0346FB7100BF0C37BD4609
:10BF68005DF8047B704780B483B000AF78600B46FF
:10BF78007B8000BF0C37BD465DF8047B704780B4FA
:10BF880083B000AF78600B467B8000BF0C37BD469E
:10BF98005DF8047B7047000080B483B000AF786020
:10BFA80039607B68002B02D03B68002B06D10A4B16
:10BFB8000A4A5A61084B0A4A9A6106E0064A7B68AF
:10BFC8005361054A3B68936100BF00BF0C37BD460B
:10BFD8005DF8047B704700BFAC000020F5BE000888
:10BFE80003BF000880B483B000AF7860396000BF39
:10BFF8000F4B1B8803F40073002BF9D07B68002BD0
:10C0080002D03B68002B06D1094B0A4ADA61084B7B
:10C01800094A1A6206E0064A7B68D361044A3B680B
:10C02800136200BF00BF0C37BD465DF8047B704744
:10C03800AC00002049BF000859BF000880B483B095
:10C0480000AF7860396000BF0F4B1B8803F40073A2
:10C05800002BF9D07B68002B02D03B68002B06D15F
:10C06800094B0A4A5A62084B094A9A6206E0064A8C
:10C078007B685362044A3B68936200BF00BF0C3779
:10C08800BD465DF8047B7047AC0000206FBF000818
:10C0980087BF000890B587B000AF03463960FB71D1
:10C0A8000023FB750023FB6000233B61FB790F2B0A
:10C0B80000F2C58001A252F823F000BF05C10008B4
:10C0C8000BC1000837C100082BC1000845C1000892
:10C0D80051C100085FC1000885C10008A7C1000858
:10C0E800EBC10008F1C10008F9C100084DC2000801
:10C0F80001C200080FC200082BC2000800F0E8F8CF
:10C10800A1E03B68002B04D03B68FB60FB68083368
:10C118003B61FB683A691146184600F025F9034669
:10C1280092E03B681B88184600F0AAF98BE000F003
:10C13800DBF903461A463B681A8084E03B681B8893
:10C14800184600F0F6F97EE000F00EFA03461A46AB
:10C158003B681A8077E03B681B881B0A9BB2DBB2FE
:10C1680019464FF49850FFF713FB3B681B88DBB266
:10C1780019464FF4A050FFF70BFB64E04FF49850BA
:10C18800FFF7BAFA03461B029CB24FF4A050FFF720
:10C19800B3FA034623449AB23B681A8053E02C4B07
:10C1A8009A783B681A703B680133294AD2781A702A
:10C1B8003B680233264A12791A703B680333244AD3
:10C1C80052791A703B680433214A92791A703B6895
:10C1D80005331F4AD2791A703B68063300221A7059
:10C1E80031E000F013FA2EE0386800F036FA2AE061
:10C1F800386800F075FA26E03B681B78184600F0AE
:10C20800D9FA034620E000F0E8F90346FB75FB7D08
:10C21800FF2B02D14FF0FF3316E03B68FA7D1A700E
:10C2280011E000F0C4F90346FB75FB7DFF2B02D13A
:10C238004FF0FF3308E03B68FA7D1A7003E04FF0D7
:10C24800FF3301E000BF002318461C37BD4690BDF0
:10C25800AC00002080B582B000AF03463960FB71A6
:10C26800FB79052B2CD801A252F823F08DC20008C7
:10C2780095C200089DC20008ABC20008B9C20008F8
:10C28800C1C20008386800F0DFFA1CE0386800F026
:10C298001BFB18E03B681B78184600F055FB03466B
:10C2A80012E000F073FB03461A463B681A700AE076
:10C2B800386800F073FB06E0386800F090FB02E095
:10C2C8004FF0FF3300E0002318460837BD4680BD15
:10C2D80080B586B000AF3B1D062219464FF41060AA
:10C2E800FFF7A4FA07F11403042219464FF48070EB
:10C2F800FFF79CFA07F11003042219464FF4A060D7
:10C30800FFF794FA07F10C03042219464FF4706002
:10C31800FFF78CFA80210020FFF73AFA0020FFF798
:10C32800EBF93B1D062219464FF41060FFF7DEFAC1
:10C3380007F11403042219464FF48070FFF7D6FA68
:10C3480007F11003042219464FF4A060FFF7CEFA54
:10C3580007F10C03042219464FF47060FFF7C6FA80
:10C3680000BF1837BD4680BD80B584B000AF786087
:10C3780039600023BB73FFF7ABFF7B68002B3BD012
:10C388000023BB730023FB7315E097F90F307A681D
:10C3980013441A78BB7B1344DBB2BB7397F90E3096
:10C3A800102B02DD4FF0FF3366E097F90F30DBB258
:10C3B8000133DBB2FB7397F90F30072BE5DD002360
:10C3C800FB7315E097F90F309B000133DB0003F591
:10C3D800F853184697F90F307A6813441B781946B2
:10C3E800FFF7D6F997F90F30DBB20133DBB2FB73F5
:10C3F80097F90F30072BE5DD3B68002B3BD0002376
:10C40800BB730023FB7315E097F90F303A681344A8
:10C418001A78BB7B1344DBB2BB7397F90E30102B31
:10C4280002DD4FF0FF3327E097F90F30DBB201331D
:10C43800DBB2FB7397F90F30072BE5DD0023FB73A5
:10C4480015E097F90F309B000133DB0003F5F0533B
:10C45800184697F90F303A6813441B781946FFF7C6
:10C4680097F997F90F30DBB20133DBB2FB7397F919
:10C478000F30072BE5DD002318461037BD4680BD79
:10C4880080B584B000AF0346FB80FB88FB73FB8854
:10C498001B0A9BB2BB73FB7B23F00F03DBB219466D
:10C4A8004FF4A850FFF774F90023FB7314E0BA7B2C
:10C4B800FB7B42FA03F303F00103002B09D0FB7B5B
:10C4C8009B000133DB0003F500731F211846FFF7BB
:10C4D8005FF9FB7B0133FB73FB7B072BE7D900BFBD
:10C4E80000BF1037BD4680BD80B582B000AF0023C5
:10C4F800FB710023BB710023BB804FF4A850FFF7EA
:10C50800FBF8034623F00F03FB714FF4B850FFF715
:10C51800F3F80346BB71BB79BB80BB881B029AB298
:10C52800FB799BB21344BB80BB8818460837BD46CD
:10C5380080BD80B584B000AF0346FB80FB88FB73E9
:10C54800FB881B0A9BB2BB73FB7B19464FF4B050A8
:10C55800FFF71EF9BB7B19464FF4C050FFF718F9D7
:10C5680000BF1037BD4680BD80B582B000AF002344
:10C57800FB710023BB710023BB804FF4B050FFF761
:10C58800BBF80346FB714FF4C050FFF7B5F80346FC
:10C59800BB71BB79BB80BB881B029AB2FB799BB28B
:10C5A8001344BB80BB8818460837BD4680BD80B59C
:10C5B80082B000AF0023FB714FF43850FFF79CF8AE
:10C5C800034603F00103002B01D00123FB7197F907
:10C5D800073018460837BD4680BD80B582B000AF29
:10C5E8000023FB714FF43850FFF786F8034603F039
:10C5F8003803302B02D10123FB7101E00023FB71CA
:10C6080097F9073018460837BD4680BD80B582B017
:10C6180000AF4FF43850FFF76FF80346FB71FB7912
:10C6280003F07F03FB71FB7919464FF43850FFF78D
:10C63800AFF84FF43850FFF75FF80346FB71FB790A
:10C6480063F07F03FB71FB7919464FF43850FFF70D
:10C658009FF800BF0837BD4680BD80B584B000AFE5
:10C6680078600023FB737B681B78012B04D1FB7B6C
:10C6780043F04003FB7303E0FB7B23F04003FB73B1
:10C688007B685B78012B04D1FB7B43F03803FB7399
:10C6980019E07B68DB78012B0DD17B689B78012B37
:10C6A80004D1FB7B43F01803FB730CE0FB7B43F0E6
:10C6B8000803FB7307E07B689B78012B03D1FB7BA6
:10C6C80043F01003FB73FB7B19464FF43850FFF718
:10C6D8005FF8FFF79BFF00BF1037BD4680BD000025
:10C6E80080B584B000AF78600023FB734FF43850F6
:10C6F800FFF702F80346FB73FB7B9B11DBB203F0E9
:10C708000103DAB27B681A70FB7B03F03803202B35
:10C7180001D0382B03D17B6801225A7003E07B6873
:10C7280000225A7000BFFB7B03F03803103B102B2C
:10C738008CBF01220022D2B2002A0FD11B4A22FA52
:10C7480003F303F00103002B14BF01230023DBB222
:10C75800002B03D07B6801229A7003E07B680022DB
:10C768009A7000BFFB7B03F03803083B182B8CBF83
:10C7780001220022D2B2002A0FD10D4A22FA03F375
:10C7880003F00103002B14BF01230023DBB2002BAD
:10C7980003D07B680122DA7003E07B680022DA703C
:10C7A80000BF00BF1037BD4680BD00BF01010100BA
:10C7B8000100010180B584B000AF0346FB7100237E
:10C7C800FB734FF43850FEF797FF0346FB73FB7B70
:10C7D80003F04003002B02D14FF0FF3330E0FB7B26
:10C7E80023F03803FB73FB79012B04D1FB7B43F067
:10C7F8003003FB7303E0FB7B43F03803FB73FB7BE5
:10C8080019464FF43850FEF7C3FFFFF7FFFE4FF409
:10C818003850FEF771FF0346FB73FB79012B06D1F5
:10C82800FB7B03F03003002B08D0002308E0FB7BE0
:10C8380003F03803002B01D0002301E04FF0FF3351
:10C8480018461037BD4680BD80B582B000AF78600D
:10C858007B68062219464FF41060FFF747F87B689B
:10C868000E33042219464FF48070FFF73FF87B68B7
:10C878000A33042219464FF4A060FFF737F87B68A3
:10C888000633042219464FF47060FFF72FF87B68CF
:10C898009A7C0B4B1A707B68DA7C094B5A707B6860
:10C8A8001A7D074B9A707B685A7D054BDA707B6856
:10C8B8009A7D044B1A7000BF0837BD4680BD00BF83
:10C8C800381400203C14002080B582B000AF786096
:10C8D8007B68062219464FF41060FEF7A7FF7B68B5
:10C8E8000E33042219464FF48070FEF79FFF7B68D1
:10C8F8000A33042219464FF4A060FEF797FF7B68BD
:10C908000633042219464FF47060FEF78FFF0C4B74
:10C918001A787B689A740A4B5A787B68DA74084BE1
:10C928009A787B681A75064BDA787B685A75054BD6
:10C938001A787B689A7500BF0837BD4680BD00BF6E
:10C94800381400203C14002080B584B000AF0346A2
:10C95800FB710023FB73FB7923F03A03002B02D011
:10C968004FF0FF330EE00020FEF7C6FE0346FB73D0
:10C97800FA7BFB791343FB73FB7B19460020FEF718
:10C9880007FF002318461037BD4680BD80B500AFAD
:10C998000020FEF7B1FE0346184680BD80B582B080
:10C9A80000AF78607B681B7819464FF4D850FEF7C3
:10C9B800EFFE7B685B881B0A9BB2DBB219464FF41B
:10C9C800C850FEF7E5FE7B685B88DBB219464FF47A
:10C9D800D050FEF7DDFE00BF0837BD4680BD90B5DC
:10C9E80083B000AF78604FF4D850FEF785FE034659
:10C9F8001A467B681A704FF4C850FEF77DFE03464E
:10CA08001B029CB24FF4D050FEF776FE0346234437
:10CA18009AB27B685A8000BF0C37BD4690BD0000B3
:10CA2800DFF834D0002103E00C4B5B58435004314D
:10CA38000B480C4B42189A42F6D30B4A02E00023EB
:10CA480042F8043B094B9A42F9D3FDF7A3FC06F0E0
:10CA58002BFFFCF77BFAFEE700800020343C01083E
:10CA680000000020FC000020FC00002044140020EE
:10CA7800FEE7000080B500AF032000F08AF901F05E
:10CA88006FFD02460C4B1B6A03F00F030B49CB5C8E
:10CA980022FA03F30A4A1360042000F0CFF90F20AA
:10CAA80000F010F80346002B01D0012302E0FDF747
:10CAB8004FFA0023184680BD000C0244E43B0108ED
:10CAC8007000002080B584B000AF78600023FB6060
:10CAD800334B1B78002B01D101235CE0314B1B68E1
:10CAE80003F00403042B0CD12F4B1A682C4B1B7832
:10CAF80019464FF47A73B3FBF1F3B2FBF3F3FB601F
:10CB080037E000F0F3F9B860BB68022B23D0BB68AC
:10CB1800022B2DD8BB68002B03D0BB68012B0DD08E
:10CB280026E0214B1A681E4B1B7819464FF4FA531E
:10CB3800B3FBF1F3B2FBF3F3FB601AE0184B1B787D
:10CB48001A464FF47A73B3FBF2F34FF4FA42B2FB8E
:10CB5800F3F3FB600DE0124B1B781A464FF47A731F
:10CB6800B3FBF2F34FF40042B2FBF3F3FB6000E0D7
:10CB780000BFF86800F040F90346002B01D00123FC
:10CB880009E0002279684FF0FF3000F00DF9074AFC
:10CB98007B681360002318461037BD4680BD00BF70
:10CBA800DC00002010E000E070000020D800002029
:10CBB80080B400AF064B1B781A46064B1B6813441B
:10CBC800044A136000BFBD465DF8047B704700BF90
:10CBD800DC0000204014002080B400AF034B1B6829
:10CBE8001846BD465DF8047B704700BF401400201E
:10CBF80080B584B000AF7860FFF7EEFFB8607B685F
:10CC0800FB60FB68B3F1FF3F05D00A4B1B781A465F
:10CC1800FB681344FB6000BFFFF7DEFF0246BB68FA
:10CC2800D31AFA689A42F7D800BF00BF1037BD463A
:10CC380080BD00BFDC00002080B485B000AF786004
:10CC48007B6803F00703FB600C4BDB68BB60BA68CA
:10CC58004FF6FF031340BB60FB681A02BB6813431F
:10CC680043F0BF6343F40033BB60044ABB68D3603E
:10CC780000BF1437BD465DF8047B704700ED00E047
:10CC880080B400AF044BDB681B0A03F007031846A7
:10CC9800BD465DF8047B704700ED00E080B483B0CA
:10CCA80000AF0346FB80B7F90630002B0BDBFB888F
:10CCB80003F01F020749B7F906305B09012000FAA3
:10CCC80002F241F8232000BF0C37BD465DF8047B13
:10CCD800704700BF00E100E080B483B000AF0346B6
:10CCE8003960FB80B7F90630002B0ADB3B68DAB203
:10CCF8000C49B7F906301201D2B20B4483F800236D
:10CD08000AE03B68DAB20849FB8803F00F03043BEA
:10CD18001201D2B20B441A7600BF0C37BD465DF83B
:10CD2800047B704700E100E000ED00E080B489B0CA
:10CD380000AFF860B9607A60FB6803F00703FB6135
:10CD4800FB69C3F10703042B28BF0423BB61FB69FC
:10CD58000433062B02D9FB69033B00E000237B6107
:10CD68004FF0FF32BB6902FA03F3DA43BB681A409B
:10CD78007B699A404FF0FF317B6901FA03F3D9438D
:10CD88007B680B40134318462437BD465DF8047B87
:10CD9800704780B582B000AF78607868FFF74CFFC5
:10CDA80000BF0837BD4680BD80B586B000AF0346DA
:10CDB800B9607A60FB81FFF763FF78617A68B968C8
:10CDC8007869FFF7B3FF0246B7F90E3011461846E7
:10CDD800FFF782FF00BF1837BD4680BD80B582B01F
:10CDE80000AF0346FB80B7F906301846FFF756FF39
:10CDF80000BF0837BD4680BD80B483B000AF7860FF
:10CE08007B68013BB3F1807F01D301230DE00A4A1F
:10CE18007B68013B5360084B00229A60064B1B68F5
:10CE2800054A43F003031360002318460C37BD4638
:10CE38005DF8047B704700BF10E000E080B483B069
:10CE480000AF78607B68042B44D801A252F823F025
:10CE58007BCE000899CE0008BBCE0008DDCE0008C6
:10CE68006DCE00081F4B1B681E4A43F00403136075
:10CE780031E01C4B1B681B4A23F0040313601A4B58
:10CE8800D3F8E430184A23F00C03C2F8E43022E067
:10CE9800144B1B68134A23F004031360124BD3F896
:10CEA800E43023F00C03104A43F00403C2F8E430E2
:10CEB80011E00C4B1B680B4A23F0040313600A4B68
:10CEC800D3F8E43023F00C03074A43F00803C2F810
:10CED800E43000E000BF00BF0C37BD465DF8047BBE
:10CEE800704700BF10E000E0000C024480B483B03B
:10CEF80000AF174B1B6803F00403002B02D0042378
:10CF08007B601EE0134BD3F8E43003F00C033B6066
:10CF18003B68082B0FD03B68082B0FD83B68002BC9
:10CF280003D03B68042B03D008E000237B6008E0B3
:10CF380001237B6005E002237B6002E000237B6025
:10CF480000BF7B6818460C37BD465DF8047B704708
:10CF580010E000E0000C024480B584B000AF7860B7
:10CF6800FFF73AFEF8607B68002B01D101236BE0E4
:10CF78007B6893F85430DBB2022B08D07B68202200
:10CF88009A657B68002283F84C2001235CE07B686B
:10CF98001B685A697B681B6842F004025A617B6807
:10CFA800052283F8542020E0FFF716FE0246FB68AE
:10CFB800D31A052B19D97B689B6D43F010027B6847
:10CFC8009A657B68032283F854207B681B6D03F005
:10CFD8008003002B03D07B685B6F01221A737B6888
:10CFE800002283F84C2001232EE07B681B681B6914
:10CFF80003F40053002BD7D07B681B685A697B6801
:10D008001B6842F002025A617B68042283F85420AC
:10D018007B681B684FF4FE42DA607B68012283F864
:10D0280054207B681B6D03F08003002B07D07B68BE
:10D038005B6F01221A737B681B6800229A647B6805
:10D04800002283F84C20002318461037BD4680BDC7
:10D0580080B483B000AF78607B68002B01D10123D6
:10D0680019E07B6893F85430DBB2022B04D07B685C
:10D0780020229A6501230EE07B68042283F854205D
:10D088007B681B685B697A68126843F4005343F055
:10D0980004035361002318460C37BD465DF8047B32
:10D0A8007047000080B586B000AFF860B9607A605C
:10D0B800194B00225A604FF47A7000F073F8034657
:10D0C800FB75FB7D002B21D1134AFB689360134B42
:10D0D8003B61FB6823F00043022B04D17968B868F0
:10D0E80000F0AEF803E07968B86800F0E5F84FF4AE
:10D0F8007A7000F057F80346FB753B691A68FB68BD
:10D1080023F02043DB431A403B691A60FB7D184635
:10D118001837BD4680BD00BFE0000020282002402F
:10D1280080B483B000AF0023FB710D4B9B6A03F002
:10D138000103002B0DD00A4B0A4A5A60084B0A4AD1
:10D148005A60074B9B6A03F00103002B01D00123AF
:10D15800FB71FB7918460C37BD465DF8047B7047B8
:10D168000020024023016745AB89EFCD80B483B02E
:10D1780000AF0023FB710A4B9B6A094A43F0010385
:10D188009362074B9B6A03F00103002B01D1012333
:10D19800FB71FB7918460C37BD465DF8047B704778
:10D1A8000020024080B586B000AF7860FFF714FD1C
:10D1B8007861204B3B6110E07B68B3F1FF3F0CD0F6
:10D1C800FFF70AFD02467B69D31A7A689A4202D3AE
:10D1D8007B68002B01D1032327E03B691B6803F020
:10D1E8000B03002BE8D1144BFB603B691B6803F46D
:10D1F8001E03BB60BB68002B0CD0104B5A68BB6881
:10D2080013430E4A5360BB6803F41E02FB681A609E
:10D2180001230AE03B691B6803F48033002B03D029
:10D22800FB684FF480321A60002318461837BD4651
:10D2380080BD00BF2020024030200240E0000020D6
:10D2480080B48BB000AF78603960042387F827304A
:10D258007B683B623B68FB61164BBB61BB691B6823
:10D2680043F00202BB691A60EFF310833B613B692C
:10D278007B6172B600BFFB691A683B6A1A603B6A39
:10D2880004333B62FB690433FB6197F82730013BA9
:10D2980087F8273097F82730002BECD17B69FB60A3
:10D2A800FB6883F3108800BF00BF2C37BD465DF8CC
:10D2B800047B70472820024080B485B000AF7860B6
:10D2C8003960094BFB60FB681B6843F00202FB688E
:10D2D8001A603A687B68128892B21A8000BF1437C5
:10D2E800BD465DF8047B70472820024080B586B0B3
:10D2F80000AF78603960334B1B78012B01D10223D2
:10D308005CE0304B01221A702E4B00225A604FF419
:10D318007A70FFF747FF0346FB75FB7D002B49D169
:10D328007B681B68274A9360274BFB607B681B68F8
:10D3380023F0004348F2080293420BD17B685B68F4
:10D34800184600F043F84FF47A70FFF72BFF0346B6
:10D35800FB7525E03B684FF0FF321A607B689B68DD
:10D368003B6115E07B685B681946386900F066F830
:10D378004FF47A70FFF716FF0346FB75FB7D002B11
:10D3880003D03B683A691A600AE03B6901333B61A4
:10D398007B68DA687B689B6813443A699A42E1D3F0
:10D3A800FB681A687B681B6823F00043DB431A405C
:10D3B800FB681A60034B00221A70FB7D1846183769
:10D3C800BD4680BDE00000202820024080B485B022
:10D3D80000AF7860184BFB607B6803F00303032BF6
:10D3E80008D1FB681B6843F4004343F02003FA6844
:10D3F80013601BE07B6803F00103002B09D0FB6876
:10D408001B6823F0004323F0280343F02802FB683D
:10D418001A607B6803F00203002B07D0FB681B68C7
:10D4280043F0004343F02803FA68136000BF143741
:10D43800BD465DF8047B70472820024080B485B063
:10D4480000AF78603960184BFB603B6803F001035C
:10D45800002B11D0FB681B6823F0004323F4FE5314
:10D46800FA681360FB681A687B689B01134343F0F2
:10D478002402FB681A6010E0FB681B6823F4FE5264
:10D48800FB681A60FB681A687B689B01134343F0CA
:10D49800004343F02403FA68136000BF1437BD4605
:10D4A8005DF8047B704700BF2820024080B487B035
:10D4B80000AF7860396000233B6142E13B681A683D
:10D4C80001213B6901FA03F31340FB60FB68002B61
:10D4D80000F034813B685B68022B03D03B685B68D3
:10D4E800122B25D13B69DA087B68083253F82230C1
:10D4F8007B613B6903F007039B000F2202FA03F3E9
:10D50800DB437A6913407B613B681B6903F00F02B8
:10D518003B6903F007039B0002FA03F37A6913439C
:10D528007B613B69DA087B680832796943F8221025
:10D538007B681B687B613B695B00032202FA03F38B
:10D54800DB437A6913407B613B685B6803F0030245
:10D558003B695B0002FA03F37A6913437B617B68DA
:10D568007A691A603B685B68012B0BD03B685B6883
:10D57800022B07D03B685B68112B03D03B685B68C4
:10D58800122B30D17B689B687B613B695B0003226F
:10D5980002FA03F3DB437A6913407B613B68DA687C
:10D5A8003B695B0002FA03F37A6913437B617B688A
:10D5B8007A699A607B685B687B6101223B6902FA41
:10D5C80003F3DB437A6913407B613B685B681B09A3
:10D5D80003F001023B6902FA03F37A6913437B61A2
:10D5E8007B687A695A603B685B6803F00303032B26
:10D5F80009D13B685B6803F00303032B1BD13B682D
:10D608009B68012B17D07B68DB687B613B695B00FB
:10D61800032202FA03F3DB437A6913407B613B6818
:10D628009A683B695B0002FA03F37A6913437B61EA
:10D638007B687A69DA603B685B6803F08053002B8B
:10D648007CD0474A3B699B08183352F823307B61EA
:10D658003B6903F00303DB000F2202FA03F3DB4309
:10D668007A6913407B617B689A0A3E4B13403A699A
:10D6780002F00302D20093407A6913437B61384970
:10D688003B699B0818337A6941F82320344B1B689F
:10D698007B61FB68DB437A6913407B613B685B68AD
:10D6A80003F48013002B03D07A69FB6813437B6172
:10D6B8002B4A7B6913602A4B5B687B61FB68DB4301
:10D6C8007A6913407B613B685B6803F40013002BA5
:10D6D80003D07A69FB6813437B61214A7B695360F5
:10D6E8001F4BD3F884307B61FB68DB437A691340B6
:10D6F8007B613B685B6803F40033002B03D07A69D5
:10D70800FB6813437B61164A7B69C2F88430144B6B
:10D71800D3F880307B61FB68DB437A6913407B6117
:10D728003B685B6803F48033002B03D07A69FB689D
:10D7380013437B610A4A7B69C2F880303B69013335
:10D748003B613B681A683B6922FA03F3002B7FF4BC
:10D75800B5AE00BF00BF1C37BD465DF8047B7047FF
:10D76800002002447F7F2F0080B483B000AF786030
:10D778000B467B8013467B707B78002B03D07A881E
:10D788007B689A6102E07A887B689A6200BF0C37EE
:10D79800BD465DF8047B704780B485B000AF786003
:10D7A8000B467B807B685B69FB607A88FB6813406B
:10D7B8001A04FB68D9437B880B401A437B689A613B
:10D7C80000BF1437BD465DF8047B704780B582B052
:10D7D80000AF0346FB800F4BDA68FB881340002B31
:10D7E80006D00C4AFB88D360FB881846FDF7F0F991
:10D7F800084B1A69FB881340002B06D0054AFB88A2
:10D808001361FB88184600F007F800BF0837BD46CB
:10D8180080BD00BF0020024480B483B000AF03463F
:10D82800FB8000BF0C37BD465DF8047B70470000E5
:10D8380080B400AF054B1B68044A43F00103136032
:10D8480000231846BD465DF8047B7047000403407A
:10D8580080B584B000AF78607B68002B01D10123CC
:10D8680070E0786800F072F87B681B684CF6CC4270
:10D878001A607B681B6845F255521A607B681B6802
:10D888007A6852685A607B681B687A6892689A60FE
:10D89800FFF7A2F9F8600FE0FFF79EF90246FB6870
:10D8A800D31A212B08D97B681B68DB6803F00203B5
:10D8B800002B01D0032345E07B681B68DB6803F07D
:10D8C8000203002BE8D17B681B69002B05D17B681C
:10D8D8001B684FF480425A6106E07B681A697B68CE
:10D8E8001B6842F440425A61FFF776F9F8600FE08E
:10D8F800FFF772F90246FB68D31A212B08D97B6817
:10D908001B68DB6803F00F03002B01D0032319E029
:10D918007B681B68DB6803F00F03002BE8D17B688A
:10D928001B681A697B68DB689A4205D07B681B68AC
:10D938007A68D2681A6104E07B681B684AF6AA22F2
:10D948001A60002318461037BD4680BD80B483B0E6
:10D9580000AF786000BF0C37BD465DF8047B7047A8
:10D9680080B483B000AF78607B681B684AF6AA224F
:10D978001A60002318460C37BD465DF8047B7047D3
:10D9880080B588B000AF78607B68002B02D1012396
:10D9980000F028BC944BDB6903F01803FB61924B41
:10D9A8009B6A03F00303BB617B681B6803F01003E9
:10D9B800002B5BD0FB69082B05D0FB69182B14D111
:10D9C800BB69022B11D17B68DB69002B02D10123D3
:10D9D80000F008BC844B9B6923F47C127B681B6AAB
:10D9E8001B04814913438B6140E07B68DB69002B92
:10D9F80023D07D4B1B687C4A43F480731360FFF788
:10DA0800EBF8786108E0FFF7E7F802467B69D31A7C
:10DA1800022B01D90323E5E3734B1B6803F400735E
:10DA2800002BF0D0704B9B6923F47C127B681B6A37
:10DA38001B046D4913438B6118E06B4B1B686A4AE2
:10DA480023F480731360FFF7C7F8786108E0FFF7E5
:10DA5800C3F802467B69D31A022B01D90323C1E319
:10DA6800614B1B6803F40073002BF0D17B681B68C3
:10DA780003F00103002B00F0A080FB69102B05D0F8
:10DA8800FB69182B09D1BB69032B06D17B685B683E
:10DA9800002B40F092800123A4E37B685B68B3F518
:10DAA800803F06D1504B1B684F4A43F480331360C4
:10DAB80058E07B685B68002B12D14B4B1B684A4AC5
:10DAC80023F480331360484B1B68474A23F48013C0
:10DAD8001360454B1B68444A23F48023136041E0DC
:10DAE8007B685B68B3F5A02F12D13F4B1B683E4A99
:10DAF80043F4802313603C4B1B683B4A23F4801398
:10DB08001360394B1B68384A43F48033136029E0AB
:10DB18007B685B68B3F5A81F12D1334B1B68324A88
:10DB280043F480231360304B1B682F4A43F480135F
:10DB380013602D4B1B682C4A43F48033136011E0AB
:10DB4800294B1B68284A23F480331360264B1B6833
:10DB5800254A23F480231360234B1B68224A23F4AD
:10DB6800801313607B685B68002B13D0FFF734F8D1
:10DB7800786108E0FFF730F802467B69D31A642B16
:10DB880001D903232EE3184B1B6803F40033002B41
:10DB9800F0D012E0FFF720F8786108E0FFF71CF8F2
:10DBA80002467B69D31A642B01D903231AE30E4B6F
:10DBB8001B6803F40033002BF0D17B681B6803F06B
:10DBC8000203002B00F09A80FB69002B05D0FB694B
:10DBD800182B49D1BB69012B46D17B68DB68002B28
:10DBE80004D10123FEE200BF000C0244FB69002BB4
:10DBF8001CD19A4B1B6803F018027B681B699A4278
:10DC080014D0964B1B6823F018027B681B69934954
:10DC180013430B6000F0D0FD914B1B681846FEF7CC
:10DC280051FF0346002B01D00123DBE2FEF7D4FFAE
:10DC3800786108E0FEF7D0FF02467B69D31A022B11
:10DC480001D90323CEE2854B1B6803F00203002BA6
:10DC5800F0D0824B1B6923F4FE027B685B691B04CE
:10DC68007E4913430B6149E07B68DB68002B2CD0AD
:10DC78007A4B1B6823F018027B681B6977491343AA
:10DC88000B60764B1B68754A43F001031360FEF77F
:10DC9800A3FF786108E0FEF79FFF02467B69D31A6D
:10DCA800022B01D903239DE26C4B1B6803F002038E
:10DCB800002BF0D0694B1B6923F4FE027B685B697B
:10DCC8001B04664913430B6118E0644B1B68634AE5
:10DCD80023F001031360FEF77FFF786108E0FEF789
:10DCE8007BFF02467B69D31A022B01D9032379E211
:10DCF8005A4B1B6803F00203002BF0D17B681B68AA
:10DD080003F00803002B3CD07B689B69002B1CD0D8
:10DD1800524BD3F8F030514A43F08063C2F8F030E8
:10DD2800FEF75AFF786108E0FEF756FF02467B6966
:10DD3800D31A022B01D9032354E2484BD3F8F0300D
:10DD480003F00063002BEFD01BE0444BD3F8F03016
:10DD5800424A23F08063C2F8F030FEF73DFF786155
:10DD680008E0FEF739FF02467B69D31A022B01D976
:10DD7800032337E2394BD3F8F03003F00063002B6C
:10DD8800EFD17B681B6803F00403002B00F0D280FE
:10DD9800344B5B6A03F00103002B18D1314B5B6AEB
:10DDA800304A43F001035362FEF716FF786108E03A
:10DDB800FEF712FF02467B69D31A022B01D903230F
:10DDC80010E2284B5B6A03F00103002BF0D07B685C
:10DDD8009B68012B08D1214BD3F8F0301F4A43F040
:10DDE8000103C2F8F03074E07B689B68002B18D1FF
:10DDF8001A4BD3F8F030194A23F00103C2F8F03077
:10DE0800164BD3F8F030154A23F08003C2F8F030EF
:10DE1800124BD3F8F030114A23F00403C2F8F03063
:10DE280057E07B689B68052B1ED10C4BD3F8F0306C
:10DE38000A4A43F00403C2F8F030084BD3F8F03034
:10DE4800064A23F08003C2F8F030044BD3F8F030D0
:10DE5800024A43F00103C2F8F0303AE0000C0244F1
:10DE6800D8000020000802447B689B68852B18D1E5
:10DE7800A24BD3F8F030A14A43F00403C2F8F030C3
:10DE88009E4BD3F8F0309D4A43F08003C2F8F0303F
:10DE98009A4BD3F8F030994A43F00103C2F8F030B6
:10DEA80017E0964BD3F8F030944A23F00103C2F8F8
:10DEB800F030924BD3F8F030904A23F00403C2F8C4
:10DEC800F0308E4BD3F8F0308C4A23F08003C2F840
:10DED800F0307B689B68002B16D0FEF77DFE7861DA
:10DEE8000AE0FEF779FE02467B69D31A41F28832CE
:10DEF800934201D9032375E1804BD3F8F03003F046
:10DF08000203002BEDD015E0FEF766FE78610AE00B
:10DF1800FEF762FE02467B69D31A41F288329342C9
:10DF280001D903235EE1754BD3F8F03003F0020307
:10DF3800002BEDD17B681B6803F02003002B36D043
:10DF48007B685B6A002B19D06C4B1B686B4A43F4E7
:10DF580080531360FEF740FE786108E0FEF73CFE50
:10DF680002467B69D31A022B01D903233AE1634B9A
:10DF78001B6803F40053002BF0D018E05F4B1B68BC
:10DF88005E4A23F480531360FEF726FE786108E0AA
:10DF9800FEF722FE02467B69D31A022B01D903231E
:10DFA80020E1564B1B6803F40053002BF0D17B682B
:10DFB8009B6A002B00F01581FB69182B00F0AF80DD
:10DFC8007B689B6A022B40F086804C4B1B684B4A4F
:10DFD80023F080731360FEF7FFFD786108E0FEF719
:10DFE800FBFD02467B69D31A022B01D90323F9E012
:10DFF800424B1B6803F00073002BF0D13F4B9B6A28
:10E0080023F47C5323F003037A68D16A7A68126B8D
:10E0180012020A43394913438B627B685B6B013BED
:10E02800C3F308027B689B6B013B5B029BB21A43FC
:10E038007B68DB6B013B1B0403F4FE031A437B681C
:10E048001B6C013B1B0603F0FE432C4913434B6337
:10E058002A4B9B6A294A23F0100393627B68DB6C86
:10E06800264ADB009363254B9B6A244A43F010033E
:10E078009362224B9B6A23F00C027B685B6C1F49FE
:10E0880013438B621D4B9B6A23F020027B689B6CB9
:10E098001A4913438B62194B9B6A184A43F480331D
:10E0A8009362164B1B68154A43F080731360FEF7A2
:10E0B80093FD786108E0FEF78FFD02467B69D31A6D
:10E0C800022B01D903238DE00C4B1B6803F000736E
:10E0D800002BF0D085E0094B1B68084A23F08073B9
:10E0E8001360FEF779FD78610AE0FEF775FD0246D8
:10E0F8007B69D31A022B03D9032373E0000C024473
:10E108003A4B1B6803F00073002BEED1374B9B6A28
:10E11800364A23F4E02323F00303936261E0334B90
:10E128009B6A3B61314B5B6BFB607B689B6A012B95
:10E1380031D03B6903F003027B68DB6A9A422AD13B
:10E148003B691B0A03F03F027B681B6B9A4222D192
:10E15800FB68C3F308027B685B6B013B9A421AD1E8
:10E16800FB685B0A03F07F027B689B6B013B9A426A
:10E1780011D1FB681B0C03F07F027B68DB6B013B52
:10E188009A4208D1FB681B0E03F07F027B681B6C68
:10E19800013B9A4201D0012324E0144B9B6BDB081E
:10E1A800C3F30C027B68DB6C9A421AD00F4B9B6A54
:10E1B8000E4A23F010039362FEF70EFD786100BF4C
:10E1C800FEF70AFD02467B699342F9D07B68DB6C57
:10E1D800064ADB009363054B9B6A044A43F010032D
:10E1E8009362002318462037BD4680BD000C0244C8
:10E1F80080B584B000AF786039607B68002B01D1AE
:10E2080001239EE1834B1B6803F00F033A689A428F
:10E2180010D9804B1B6823F00F027E493B681343DB
:10E228000B607C4B1B6803F00F033A689A4201D0DD
:10E23800012386E17B681B6803F01003002B12D0D2
:10E248007B685A69744B1B6A1B0A03F070039A4275
:10E2580009D9714B1B6A23F4E0427B685B691B0296
:10E268006D4913430B627B681B6803F00803002B9E
:10E2780012D07B681A69684B1B6A1B0903F070038C
:10E288009A4209D9644B1B6A23F4E0627B681B69D4
:10E298001B01614913430B627B681B6803F004038D
:10E2A800002B10D07B68DA685B4B1B6A03F07003A5
:10E2B8009A4208D9584B1B6A23F070027B68DB68C6
:10E2C800554913430B627B681B6803F00203002B5C
:10E2D80010D07B689A68504B1B6A03F00F039A4270
:10E2E80008D94D4B1B6A23F00F027B689B684A498B
:10E2F80013430B627B681B6803F00103002B00F0DB
:10E3080093807B685B68032B07D1434B1B6803F042
:10E318000073002B21D1012313E17B685B68022B7A
:10E3280007D13D4B1B6803F40033002B15D10123A3
:10E3380007E17B685B68012B07D1374B1B6803F447
:10E348000073002B09D10123FBE0334B1B6803F05A
:10E358000203002B01D10123F3E02F4BDB6923F0EB
:10E3680003027B685B682C491343CB61FEF734FCDE
:10E37800F8607B685B68032B12D10AE0FEF72CFC7F
:10E388000246FB68D31A41F28832934201D903232B
:10E39800D7E0214BDB6903F01803182BEED143E0DB
:10E3A8007B685B68022B12D10AE0FEF715FC024677
:10E3B800FB68D31A41F28832934201D90323C0E0A3
:10E3C800154BDB6903F01803102BEED12CE07B68AA
:10E3D8005B68012B22D10AE0FEF7FEFB0246FB68D0
:10E3E800D31A41F28832934201D90323A9E00A4B98
:10E3F800DB6903F01803082BEED115E0FEF7ECFB00
:10E408000246FB68D31A41F28832934206D90323A5
:10E4180097E000BF00200240000C02444B4BDB6930
:10E4280003F01803002BE9D17B681B6803F0020393
:10E43800002B10D07B689A68444B1B6A03F00F03CB
:10E448009A4208D2414B1B6A23F00F027B689B68F3
:10E458003E4913430B623E4B1B6803F00F033A68B7
:10E468009A4210D23A4B1B6823F00F0238493B6896
:10E4780013430B60364B1B6803F00F033A689A424C
:10E4880001D001235DE07B681B6803F00403002BC7
:10E4980010D07B68DA682D4B1B6A03F070039A4230
:10E4A80008D22A4B1B6A23F070027B68DB68274975
:10E4B80013430B627B681B6803F00803002B12D020
:10E4C8007B681A69214B1B6A1B0903F070039A4287
:10E4D80009D21E4B1B6A23F4E0627B681B691B018F
:10E4E8001A4913430B627B681B6803F01003002B67
:10E4F80012D07B685A69154B1B6A1B0A03F070031C
:10E508009A4209D2114B1B6A23F4E0427B685B698B
:10E518001B020E4913430B6200F022F802460B4B14
:10E528001B6A03F00F030B49CB5C22FA03F30A4A78
:10E5380013600A4B1B681846FEF7C4FA0346FB72C1
:10E54800FB7A18461037BD4680BD00BF000C024458
:10E5580000200240E43B010870000020D8000020A1
:10E5680080B489B000AF8C4BDB6903F01803082B2B
:10E5780002D18A4BFB6107E1874BDB6903F0180383
:10E58800002B12D1844B1B6803F02003002B09D009
:10E59800814B1B68DB0803F00303814A22FA03F36B
:10E5A800FB61F1E07E4BFB61EEE07B4BDB6903F046
:10E5B8001803102B02D17B4BFB61E5E0764BDB693E
:10E5C80003F01803182B40F0DD80734B9B6A03F0AF
:10E5D80003037B61704B9B6A1B0A03F03F033B619B
:10E5E8006D4B9B6A1B0903F00103FB606A4B9B6B35
:10E5F800DB08C3F30C03FA6802FB03F307EE903A57
:10E60800F8EE677AC7ED027A3B69002B00F0B78015
:10E618007B69012B03D07B69032B56D077E05E4BD7
:10E628001B6803F02003002B2DD05B4B1B68DB0815
:10E6380003F003035A4A22FA03F37B607B6807EE70
:10E64800903AF8EE676A3B6907EE903AF8EE677A17
:10E6580086EEA77A504B5B6BC3F3080307EE903A3C
:10E66800F8EE676A97ED026ADFED4F5AC6EE257A33
:10E6780076EEA77AF7EE006A77EEA67A67EE277A43
:10E68800C7ED067A65E03B6907EE903AF8EE677ADF
:10E69800DFED466A86EEA77A3F4B5B6BC3F3080350
:10E6A80007EE903AF8EE676A97ED026ADFED3E5A98
:10E6B800C6EE257A76EEA77AF7EE006A77EEA67AA6
:10E6C80067EE277AC7ED067A43E03B6907EE903A92
:10E6D800F8EE677ADFED366A86EEA77A2E4B5B6B2B
:10E6E800C3F3080307EE903AF8EE676A97ED026AFB
:10E6F800DFED2D5AC6EE257A76EEA77AF7EE006A98
:10E7080077EEA67A67EE277AC7ED067A21E03B69AD
:10E7180007EE903AF8EE677ADFED266A86EEA77A7A
:10E728001D4B5B6BC3F3080307EE903AF8EE676A7C
:10E7380097ED026ADFED1C5AC6EE257A76EEA77AC7
:10E74800F7EE006A77EEA67A67EE277AC7ED067AC3
:10E7580000BF114B5B6B5B0A03F07F0301333B6027
:10E768003B6807EE903AB8EE677AD7ED066AC6EED0
:10E77800877AFCEEE77A17EE903AFB6104E0002313
:10E78800FB6101E0064BFB61FB6918462437BD4677
:10E798005DF8047B704700BF000C024400093D008F
:10E7A8000090D00300127A00000000460024744C48
:10E7B8000024F44A0024744A80B500AFFFF7D0FE65
:10E7C8000246084B1B6A03F00F030749CB5C03F0B2
:10E7D8001F0322FA03F3054A1360044B1B6818460B
:10E7E80080BD00BF000C0244E43B0108700000201B
:10E7F80080B500AFFFF7E0FF0246064B1B6A1B0916
:10E8080003F007030449CB5C03F01F0322FA03F368
:10E81800184680BD000C0244F43B010880B500AFE7
:10E82800FFF7CAFF0246064B1B6A1B0A03F00703E1
:10E838000449CB5C03F01F0322FA03F3184680BD9A
:10E84800000C0244F43B010880B500AFFFF7B4FFA9
:10E858000246064B1B6A1B0B03F007030449CB5CFB
:10E8680003F01F0322FA03F3184680BD000C02448C
:10E87800F43B01082DE9B04FAAB000AFC7F89400E7
:10E88800002387F8A330002387F8A230D7F8943004
:10E89800D3E9002302F08074002554EA05030BD065
:10E8A800B84BD3F8E83023F04041D7F894301B6BCD
:10E8B800B44A0B43C2F8E830D7F89430D3E90023C0
:10E8C80002F001084FF0000958EA090338D0D7F8D8
:10E8D80094305B6B052B19D801A252F823F000BFC6
:10E8E8001DE9000801E9000815E900081DE900080C
:10E8F8001DE900081DE90008D7F8943008331846C8
:10E9080001F0F2FF034687F8A33004E0012387F8FB
:10E91800A33000E000BF97F8A330002B0CD1994B2F
:10E92800D3F8D83023F00701D7F894305B6B954AB9
:10E938000B43C2F8D83003E097F8A33087F8A23029
:10E94800D7F89430D3E9002302F0020A4FF0000B05
:10E958005AEA0B033CD0D7F894309B6B282B1BD07A
:10E96800282B15D8202B19D0202B11D8182B17D0CD
:10E97800182B0DD8002B15D0082B09D1D7F89430B7
:10E988000833184601F0B0FF034687F8A3300AE0C1
:10E99800012387F8A33006E000BF04E000BF02E0CF
:10E9A80000BF00E000BF97F8A330002B0CD1754BD7
:10E9B800D3F8D83023F03801D7F894309B6B714ADC
:10E9C8000B43C2F8D83003E097F8A33087F8A23099
:10E9D800D7F89430D3E9002302F00403C7F888304D
:10E9E8000023C7F88C30D7E922120B46134340D0D6
:10E9F800D7F89430DB6BB3F5A07F1ED0B3F5A07FBA
:10EA080017D8B3F5807F1AD0B3F5807F11D8C02B03
:10EA180017D0C02B0DD8002B15D0402B09D1D7F813
:10EA280094300833184601F05FFF034687F8A33097
:10EA38000AE0012387F8A33006E000BF04E000BF26
:10EA480002E000BF00E000BF97F8A330002B0CD114
:10EA58004C4BD3F8D83023F4E071D7F89430DB6B03
:10EA6800484A0B43C2F8D83003E097F8A33087F838
:10EA7800A230D7F89430D3E9002302F48053C7F8C2
:10EA880080300023C7F88430D7E920120B4613439F
:10EA980043D0D7F894301B6CB3F1A06F21D0B3F1F9
:10EAA800A06F1AD8B3F1806F1DD0B3F1806F14D85E
:10EAB800B3F1407F19D0B3F1407F0ED8002B16D0A8
:10EAC800B3F1807F09D1D7F894300833184601F0A4
:10EAD8000BFF034687F8A3300AE0012387F8A33029
:10EAE80006E000BF04E000BF02E000BF00E000BF96
:10EAF80097F8A330002B0CD1224BD3F8E03023F049
:10EB0800E061D7F894301B6C1E4A0B43C2F8E03022
:10EB180003E097F8A33087F8A230D7F89430D3E908
:10EB2800002302F40053BB670023FB67D7E91E12DA
:10EB38000B4613433ED0D7F894305B6CB3F5403F97
:10EB48001BD0B3F5403F14D8B3F5003F17D0B3F549
:10EB5800003F0ED8002B17D0B3F5803F09D1D7F866
:10EB680094300833184601F0BFFE034687F8A330F7
:10EB78000BE0012387F8A33007E000BF05E000BFE2
:10EB880003E000BF000C024400BF97F8A330002B3D
:10EB98000CD1A54BD3F8E43023F44031D7F89430A6
:10EBA8005B6CA14A0B43C2F8E43003E097F8A3304A
:10EBB80087F8A230D7F89430D3E9002302F48043D1
:10EBC8003B6700237B67D7E91C120B4613433BD0F6
:10EBD800D7F894309B6CB3F5402F1BD0B3F5402F7A
:10EBE80014D8B3F5002F17D0B3F5002F0ED8002B8B
:10EBF80014D0B3F5802F09D1D7F8943008331846CC
:10EC080001F072FE034687F8A33008E0012387F875
:10EC1800A33004E000BF02E000BF00E000BF97F8A7
:10EC2800A330002B0CD1804BD3F8E43023F44021DF
:10EC3800D7F894309B6C7C4A0B43C2F8E43003E06D
:10EC480097F8A33087F8A230D7F89430D3E9002397
:10EC580002F48033BB660023FB66D7E91A120B4621
:10EC6800134333D0D7F89430DB6CB3F1007F15D061
:10EC7800B3F1007F0ED8002B12D0B3F1807F09D1F9
:10EC8800D7F894300833184601F02EFE034687F86B
:10EC9800A33006E0012387F8A33002E000BF00E0BC
:10ECA80000BF97F8A330002B0CD15F4BD3F8E430AA
:10ECB80023F04071D7F89430DB6C5B4A0B43C2F801
:10ECC800E43003E097F8A33087F8A230D7F89430FF
:10ECD800D3E900230021396603F480537B66D7E922
:10ECE80018120B46134333D0D7F894301B6DB3F189
:10ECF800006F15D0B3F1006F0ED8002B12D0B3F10E
:10ED0800806F09D1D7F894300833184601F0ECFD2C
:10ED1800034687F8A33006E0012387F8A33002E012
:10ED280000BF00E000BF97F8A330002B0CD13E4B8A
:10ED3800D3F8E43023F04061D7F894301B6D3A4A99
:10ED48000B43C2F8E43003E097F8A33087F8A23009
:10ED5800D7F89430D3E900230021B96503F40063A0
:10ED6800FB65D7E916120B4613430ED02E4BDB6911
:10ED78002D4A23F40043D3612B4BD969D7F894303B
:10ED8800D3F88030284A0B43D361D7F89430D3E9BD
:10ED9800002302F400333B6500237B65D7E9141296
:10EDA8000B46134346D0D7F894305B6DB3F5A06F8C
:10EDB80021D0B3F5A06F1AD8B3F5806F1DD0B3F585
:10EDC800806F14D8B3F5407F19D0B3F5407F0ED8C3
:10EDD800002B16D0B3F5807F09D1D7F894300833CB
:10EDE800184601F081FD034687F8A3300AE00123A5
:10EDF80087F8A33006E000BF04E000BF02E000BFD0
:10EE080000E000BF97F8A330002B0FD1064BD3F8D2
:10EE1800DC3023F4E061D7F894305B6D024A0B4391
:10EE2800C2F8DC3006E000BF000C024497F8A330BB
:10EE380087F8A230D7F89430D3E9002302F480236E
:10EE4800BB640023FB64D7E912120B46134343D07B
:10EE5800D7F894309B6DB3F5A04F21D0B3F5A04FF0
:10EE68001AD8B3F5804F1DD0B3F5804F14D8B3F539
:10EE7800405F19D0B3F5405F0ED8002B16D0B3F51C
:10EE8800805F09D1D7F894300833184601F02CFD7B
:10EE9800034687F8A3300AE0012387F8A33006E089
:10EEA80000BF04E000BF02E000BF00E000BF97F829
:10EEB800A330002B0CD1B64BD3F8DC3023F4E0415F
:10EEC800D7F894309B6DB24A0B43C2F8DC3003E0AC
:10EED80097F8A33087F8A230D7F89430D3E9002305
:10EEE80002F400133B6400237B64D7E910120B463D
:10EEF800134330D0D7F894305B6E052B0FD8032B13
:10EF080011D2012B11D9022B09D1D7F8943008332B
:10EF1800184601F0E9FC034687F8A33006E0012310
:10EF280087F8A33002E000BF00E000BF97F8A330E5
:10EF3800002B0CD1964BD3F8E83023F00701D7F813
:10EF480094305B6E924A0B43C2F8E83003E097F8BE
:10EF5800A33087F8A230D7F89430D3E900230021F2
:10EF6800B96303F40073FB63D7E90E120B4613432E
:10EF780022D0D7F894309B6E002B05D0082B05D0F3
:10EF8800012387F8A33002E000BF00E000BF97F834
:10EF9800A330002B0CD17E4BD3F8E83023F00801C6
:10EFA800D7F894309B6E7A4A0B43C2F8E83003E0F6
:10EFB80097F8A33087F8A230D7F89430D3E9002324
:10EFC80002F000733B6300237B63D7E90C120B4606
:10EFD800134300F0B0806F4B5B6A6E4A43F0010345
:10EFE8005362FDF7F9FDC7F89C000BE0FDF7F4FD4F
:10EFF8000246D7F89C30D31A022B03D9032387F88B
:10F00800A33005E0634B5B6A03F00103002BEDD0EE
:10F0180097F8A330002B40F08A805D4BD3F8F0308E
:10F0280003F44073C7F8A430D7F8A430002B22D0DB
:10F03800D7F894309B6FD7F8A4209A421BD0544B32
:10F04800D3F8F03023F44073C7F8A430504BD3F80A
:10F05800F0304F4A43F48033C2F8F0304C4BD3F8C9
:10F06800F0304B4A23F48033C2F8F030484AD7F8DE
:10F07800A430C2F8F030D7F8A43003F00103002B15
:10F0880019D0FDF7A9FDC7F89C000DE0FDF7A4FD18
:10F098000246D7F89C30D31A41F28832934203D9FA
:10F0A800032387F8A33006E0394BD3F8F03003F098
:10F0B8000203002BEAD097F8A330002B32D1D7F8FF
:10F0C80094309B6F03F44073B3F5407F0FD1304BFE
:10F0D800DB6923F47C51D7F894309B6F1B0923F02C
:10F0E8007F4323F030032A4A0B43D36105E0284BC2
:10F0F800DB69274A23F47C53D361254BD3F8F030DE
:10F10800234A23F44073C2F8F030214BD3F8F010AF
:10F11800D7F894309B6FC3F30B031D4A0B43C2F817
:10F12800F03008E097F8A33087F8A23003E097F8AA
:10F13800A33087F8A230D7F89430D3E9002302F03F
:10F148008063BB620023FB62D7E90A120B461343B4
:10F1580038D0D7F894301B6E302B14D0302B0ED803
:10F16800202B12D0202B0AD8002B15D0102B06D11B
:10F17800074B9B6A064A43F4003393620DE0012370
:10F1880087F8A33009E000BF07E000BF05E000BF33
:10F19800000C02440008024400BF97F8A330002B7B
:10F1A8000CD1B54BD3F8E83023F03002D7F89430BF
:10F1B8001B6EB1491343C1F8E83003E097F8A33058
:10F1C80087F8A230D7F89430D3E9002302F000631F
:10F1D8003B6200237B62D7E908120B4613433CD0FD
:10F1E800D7F89430DB6E042B1DD801A252F823F017
:10F1F8000DF200081BF200082FF2000837F2000891
:10F2080037F200089C4B9B6A9B4A43F40033936295
:10F218000EE0D7F894300833184601F065FB034632
:10F2280087F8A33004E0012387F8A33000E000BF8B
:10F2380097F8A330002B0CD18F4BD3F8E03023F094
:10F248000702D7F89430DB6E8B491343C1F8E030DE
:10F2580003E097F8A33087F8A230D7F89430D3E9C1
:10F26800002302F08053BB610023FB61D7E906123B
:10F278000B4613433CD0D7F894301B6F202B1FD07C
:10F28800202B19D8182B1DD0182B15D8002B02D0DD
:10F29800082B07D010E0784B9B6A774A43F4003379
:10F2A800936210E0D7F894300833184601F01CFB3D
:10F2B800034687F8A33006E0012387F8A33002E06D
:10F2C80000BF00E000BF97F8A330002B0CD16A4BB9
:10F2D800D3F8E03023F03802D7F894301B6F664932
:10F2E8001343C1F8E03003E097F8A33087F8A23061
:10F2F800D7F89430D3E9002302F000533B61002390
:10F308007B61D7E904120B4613433ED0D7F89430FB
:10F318005B6FB3F5807F20D0B3F5807F19D8C02B01
:10F328001DD0C02B15D8002B02D0402B07D010E0E1
:10F33800514B9B6A504A43F40033936210E0D7F86C
:10F3480094300833184601F0CFFA034687F8A33003
:10F3580006E0012387F8A33002E000BF00E000BF09
:10F3680097F8A330002B0CD1434BD3F8E03023F4AB
:10F37800E072D7F894305B6F3F491343C1F8E0302F
:10F3880003E097F8A33087F8A230D7F89430D3E990
:10F3980000230021B96003F00403FB60D7E90212DF
:10F3A8000B46134338D0D7F89430DB6DB3F5007FA4
:10F3B8000ED0B3F5007F15D8002B17D0B3F5807F9A
:10F3C80010D12D4B9B6A2C4A43F4003393620EE014
:10F3D800D7F894300833184601F086FA034687F8C0
:10F3E800A33004E0012387F8A33000E000BF97F8BA
:10F3F800A330002B0CD1204BD3F8E83023F4407213
:10F40800D7F89430DB6D1C491343C1F8E83003E0AA
:10F4180097F8A33087F8A230D7F89430D3E90023BF
:10F428000021396003F010037B60D7E900120B4616
:10F43800134339D0D7F89430DB6F302B1ED0302BE4
:10F4480015D8102B02D0202B07D010E00A4B9B6A4E
:10F45800094A43F40033936211E0D7F89430083333
:10F46800184601F041FA034687F8A33007E0012364
:10F4780087F8A33003E000BF000C024400BF97F8F0
:10F48800A330002B0CD10C4BD3F8E43023F030021E
:10F49800D7F89430DB6F08491343C1F8E43003E030
:10F4A80097F8A33087F8A23097F8A2301846A83703
:10F4B800BD46BDE8B08F00BF000C024480B48BB0DD
:10F4C80000AF7860AE4B5B6BC3F308033B62AC4B99
:10F4D8009B6A03F00303FB61A94B9B6A1B0A03F0B9
:10F4E8003F03BB61A64B9B6A1B0903F001037B61C9
:10F4F800A34B9B6BDB08C3F30C037A6902FB03F392
:10F5080007EE903AF8EE677AC7ED047ABB69002BEC
:10F5180000F02681FB69032B53D0FB69032B6FD8BE
:10F52800FB69012B03D0FB69022B2BD068E0944BBD
:10F538001B68DB0803F00303924A22FA03F3FB601B
:10F54800FB6807EE903AF8EE676ABB6907EE903AF7
:10F55800F8EE677A86EEA77A3B6A07EE903AF8EEFD
:10F56800676A97ED046ADFED885AC6EE257A76EE6B
:10F57800A77AF7EE006A77EEA67A67EE277AC7EDE4
:10F58800097A68E0BB6907EE903AF8EE677ADFED32
:10F598007F6A86EEA77A3B6A07EE903AF8EE676ACA
:10F5A80097ED046ADFED785AC6EE257A76EEA77AEB
:10F5B800F7EE006A77EEA67A67EE277AC7ED097A42
:10F5C80049E0BB6907EE903AF8EE677ADFED706ABA
:10F5D80086EEA77A3B6A07EE903AF8EE676A97EDEF
:10F5E800046ADFED695AC6EE257A76EEA77AF7EE59
:10F5F800006A77EEA67A67EE277AC7ED097A2AE0DD
:10F608005F4B1B68DB0803F003035E4A22FA03F32F
:10F61800FB60FB6807EE903AF8EE676ABB6907EE95
:10F62800903AF8EE677A86EEA77A3B6A07EE903A48
:10F63800F8EE676A97ED046ADFED535AC6EE257A4D
:10F6480076EEA77AF7EE006A77EEA67A67EE277A63
:10F65800C7ED097A00BF4A4B1B6803F00073B3F18A
:10F66800007F21D1464B9B6A03F48033002B17D0CF
:10F67800434B5B6B5B0A03F07F0307EE903AF8EEAF
:10F68800677AB7EE007A37EE877AD7ED096AC6EE61
:10F69800877AFCEEE77A17EE902A7B681A6006E014
:10F6A8007B6800221A6002E07B6800221A60344BF3
:10F6B8001B6803F00073B3F1007F21D1304B9B6AC4
:10F6C80003F40033002B17D02D4B5B6B1B0C03F09E
:10F6D8007F0307EE903AF8EE677AB7EE007A37EED6
:10F6E800877AD7ED096AC6EE877AFCEEE77A17EED5
:10F6F800902A7B685A6006E07B6800225A6002E024
:10F708007B6800225A601E4B1B6803F00073B3F13C
:10F71800007F21D11A4B9B6A03F48023002B17D05A
:10F72800174B5B6B1B0E03F07F0307EE903AF8EE66
:10F73800677AB7EE007A37EE877AD7ED096AC6EEB0
:10F74800877AFCEEE77A17EE902A7B689A6010E0D9
:10F758007B6800229A600CE07B6800229A6008E0CF
:10F768007B6800221A607B6800225A607B6800224E
:10F778009A6000BF2C37BD465DF8047B704700BF18
:10F78800000C02440090D003000000460024744A94
:10F798000024F44A80B48BB000AF7860AE4BDB6BCA
:10F7A800C3F308033B62AC4BDB6A03F00303FB6162
:10F7B800A94BDB6A1B0A03F03F03BB61A64BDB6A5C
:10F7C8001B0903F001037B61A34B1B6CDB08C3F32C
:10F7D8000C037A6902FB03F307EE903AF8EE677AB6
:10F7E800C7ED047ABB69002B00F02681FB69032B67
:10F7F80053D0FB69032B6FD8FB69012B03D0FB693E
:10F80800022B2BD068E0944B1B68DB0803F0030342
:10F81800924A22FA03F3FB60FB6807EE903AF8EE8F
:10F82800676ABB6907EE903AF8EE677A86EEA77AC0
:10F838003B6A07EE903AF8EE676A97ED046ADFEDE7
:10F84800885AC6EE257A76EEA77AF7EE006A77EE42
:10F85800A67A67EE277AC7ED097A68E0BB6907EEF2
:10F86800903AF8EE677ADFED7F6A86EEA77A3B6A10
:10F8780007EE903AF8EE676A97ED046ADFED785A7A
:10F88800C6EE257A76EEA77AF7EE006A77EEA67AC4
:10F8980067EE277AC7ED097A49E0BB6907EE903A27
:10F8A800F8EE677ADFED706A86EEA77A3B6A07EEB4
:10F8B800903AF8EE676A97ED046ADFED695AC6EE8A
:10F8C800257A76EEA77AF7EE006A77EEA67A67EEE3
:10F8D800277AC7ED097A2AE05F4B1B68DB0803F03B
:10F8E80003035E4A22FA03F3FB60FB6807EE903AD3
:10F8F800F8EE676ABB6907EE903AF8EE677A86EE2B
:10F90800A77A3B6A07EE903AF8EE676A97ED046AC1
:10F91800DFED535AC6EE257A76EEA77AF7EE006A3F
:10F9280077EEA67A67EE277AC7ED097A00BF4A4BC9
:10F938001B6803F00063B3F1006F21D1464BDB6A0B
:10F9480003F48033002B17D0434BDB6B5B0A03F0C7
:10F958007F0307EE903AF8EE677AB7EE007A37EE53
:10F96800877AD7ED096AC6EE877AFCEEE77A17EE52
:10F97800902A7B681A6006E07B6800221A6002E021
:10F988007B6800221A60344B1B6803F00063B3F1F4
:10F99800006F21D1304BDB6A03F40033002B17D002
:10F9A8002D4BDB6B1B0C03F07F0307EE903AF8EE50
:10F9B800677AB7EE007A37EE877AD7ED096AC6EE2E
:10F9C800877AFCEEE77A17EE902A7B685A6006E0A1
:10F9D8007B6800225A6002E07B6800225A601E4B56
:10F9E8001B6803F00063B3F1006F21D11A4BDB6A87
:10F9F80003F48023002B17D0174BDB6B1B0E03F08F
:10FA08007F0307EE903AF8EE677AB7EE007A37EEA2
:10FA1800877AD7ED096AC6EE877AFCEEE77A17EEA1
:10FA2800902A7B689A6010E07B6800229A600CE05C
:10FA38007B6800229A6008E07B6800221A607B6875
:10FA480000225A607B6800229A6000BF2C37BD46AE
:10FA58005DF8047B704700BF000C02440090D0039F
:10FA6800000000460024744A0024F44A80B58CB093
:10FA780000AFC7E90001D7E9002302F17E410B433B
:10FA88004BD1C44BD3F8F03003F44073BB62C14B85
:10FA9800D3F8F03003F00203022B08D1BB6AB3F5A8
:10FAA800807F04D14FF40043FB6200F014BFB94BD0
:10FAB800D3F8F03003F00063B3F1006F08D1BB6AEC
:10FAC800B3F5007F04D14FF4FA43FB6200F003BFA3
:10FAD800B04B1B6803F40033B3F5003F19D1BB6A80
:10FAE800B3F5407F15D1AB4BDB6903F47C53B3F519
:10FAF800007F0AD3A74BDB691B0A03F03F03A64A22
:10FB0800B2FBF3F3FB6200F0E6BE0023FB6200F0F9
:10FB1800E2BE0023FB6200F0DEBED7E90023A3F5B6
:10FB2800805152EA010300F08E83D7E90023012AAD
:10FB380073F5805380F0CC86D7E90023A3F50071D4
:10FB480052EA010300F0AA82D7E90023012A73F5DB
:10FB5800007380F0BD86D7E90023A3F1100152EAB3
:10FB6800010300F08186D7E90023012A73F110030D
:10FB780080F0AE86D7E90023191F52EA010300F08E
:10FB8800B184D7E90023012A73F1040380F0A08629
:10FB9800D7E9002302F160410B4300F0AA85D7E9B9
:10FBA80000237E498A4273F1000380F09186D7E9E9
:10FBB800002302F170410B4300F03285D7E900239E
:10FBC80077498A4273F1000380F08286D7E90023DF
:10FBD80002F178410B4300F0BC84D7E90023714956
:10FBE8008A4273F1000380F07386D7E9002302F19B
:10FBF8007C410B4300F0F285D7E900236A498A4229
:10FC080073F1000380F06486D7E90023A2F50011A0
:10FC18000B4300F0E581D7E9002364498A4273F178
:10FC2800000380F05586D7E90023A2F580210B4315
:10FC380000F0CC83D7E900235D498A4273F10003C1
:10FC480080F04686D7E90023A2F500310B4300F087
:10FC58003183D7E9002357498A4273F1000380F0C2
:10FC68003786D7E90023A2F580310B4300F0BB8229
:10FC7800D7E90023B2F1011F73F1000380F0288651
:10FC8800D7E90023A2F580410B4300F06D82D7E944
:10FC9800002344F201018A4273F1000380F01886C0
:10FCA800D7E90023A2F500510B4300F01E82D7E9E3
:10FCB800002342F201018A4273F1000380F00886B2
:10FCC800D7E90023A2F580510B4300F03781D7E92B
:10FCD800002341F201018A4273F1000380F0F885A4
:10FCE800D7E90023111F0B4300F0D280D7E9002386
:10FCF800052A73F1000380F0EB85D7E90023511E34
:10FD08000B4306D0D7E90023911E0B436CD000F0BB
:10FD1800DFBD204BD3F8D83003F00703BB62BB6AC2
:10FD2800002B04D1FEF77AFDF86200F0D4BD194B20
:10FD38001B6803F00063B3F1006F0AD1BB6A012BA3
:10FD480007D107F10C031846FFF724FD3B69FB6256
:10FD580048E0104B1B6803F00203022B0CD1BB6A6E
:10FD6800032B09D10B4B1B68DB0803F00303124A72
:10FD780022FA03F3FB6235E0064B1B6803F40073B9
:10FD8800B3F5007F1CD1BB6A042B19D10B4BFB6266
:10FD980028E000BF000C024400127A000100002095
:10FDA800010000100100000801000004010020000B
:10FDB80001000400010002000090D00300093D008A
:10FDC8009F4BD3F8F03003F00203022B06D1BB6A35
:10FDD800052B03D14FF40043FB6203E00023FB62D1
:10FDE80000F079BD00F077BD954BD3F8D83003F01B
:10FDF8003803BB62BB6A002B04D1FEF7F9FCF8623A
:10FE080000F069BD8E4B1B6803F00063B3F1006F0F
:10FE18000AD1BB6A082B07D107F10C031846FFF774
:10FE2800B9FC3B69FB6231E0854B1B6803F00203B8
:10FE3800022B0CD1BB6A182B09D1814B1B68DB083C
:10FE480003F003037F4A22FA03F3FB621EE07C4BB4
:10FE58001B6803F40073B3F5007F05D1BB6A202B40
:10FE680002D1794BFB6211E0754BD3F8F03003F007
:10FE78000203022B06D1BB6A282B03D14FF400439F
:10FE8800FB6203E00023FB6200F025BD00F023BD08
:10FE98006B4BD3F8D83003F4E073BB62BB6A002B1A
:10FEA80004D1FEF7A5FCF86200F015BD644B1B6891
:10FEB80003F00063B3F1006F0AD1BB6A402B07D18E
:10FEC80007F10C031846FFF765FC3B69FB6233E05A
:10FED8005B4B1B6803F00203022B0CD1BB6AC02BDF
:10FEE80009D1574B1B68DB0803F00303554A22FA74
:10FEF80003F3FB6220E0524B1B6803F40073B3F575
:10FF0800007F06D1BB6AB3F5807F02D14E4BFB62FE
:10FF180012E04B4BD3F8F03003F00203022B07D169
:10FF2800BB6AB3F5A07F03D14FF40043FB6203E043
:10FF38000023FB6200F0CFBC00F0CDBC404BD3F8EF
:10FF4800E03003F0E063BB62BB6A002B04D1FEF72C
:10FF58007BFCF86200F0BFBCBB6AB3F1807F08D1BC
:10FF680007F10C031846FFF715FC3B69FB6200F02C
:10FF7800B2BC334B1B6803F00203022B0DD1BB6AE2
:10FF8800B3F1407F09D12E4B1B68DB0803F0030354
:10FF98002C4A22FA03F3FB6220E0294B1B6803F486
:10FFA8000073B3F5007F06D1BB6AB3F1806F02D14D
:10FFB800254BFB6212E0224BD3F8F03003F002032A
:10FFC800022B07D1BB6AB3F1A06F03D14FF40043F2
:10FFD800FB6203E00023FB6200F07DBC00F07BBC09
:10FFE800174BD3F8E83003F00703BB62BB6A002B5A
:08FFF80004D1FEF7E1FBF86201
:020000040801F1
:1000000000F06DBCBB6A012B04D1FEF7ADFAF862BB
:1000100000F065BCBB6A022B08D107F10C0318463F
:10002000FFF7BCFB7B69FB6200F059BC064B1B6809
:1000300003F40033B3F5003F0ED1BB6A032B0BD1A1
:10004000044BFB622CE000BF000C02440090D00384
:1000500000093D0000127A00954B1B6803F0020373
:10006000022B0CD1BB6A042B09D1914B1B68DB0816
:1000700003F003038F4A22FA03F3FB6210E08C4B78
:100080001B6803F40073B3F5007F05D1BB6A052B31
:1000900002D1894BFB6203E00023FB6200F01FBC2E
:1000A00000F01DBC824BD3F8E83003F00803BB62BC
:1000B0007F4BD3F8F03003F00203022B06D1BB6A6A
:1000C000002B03D14FF40043FB6211E0784BD3F8CF
:1000D000F03003F00063B3F1006F06D1BB6A082B68
:1000E00003D14FF4FA43FB6202E00023FB62F6E324
:1000F000F5E36F4BD3F8E43003F44033BB62BB6AE3
:10010000002B03D1FEF778FBF862E8E3BB6AB3F596
:10011000803F07D107F10C031846FFF73FFB7B69CF
:10012000FB62DCE3624B1B6803F00203022B0DD180
:10013000BB6AB3F5003F09D15D4B1B68DB0803F0D8
:1001400003035C4A22FA03F3FB6210E0584B1B687E
:1001500003F40073B3F5007F06D1BB6AB3F5403FEB
:1001600002D1554BFB6202E00023FB62B7E3B6E32A
:100170004F4BD3F8E43003F44023BB62BB6A002B3F
:1001800003D1FEF739FBF862A9E3BB6AB3F5802F10
:1001900007D107F10C031846FFF700FB7B69FB62F0
:1001A0009DE3434B1B6803F00203022B0DD1BB6A96
:1001B000B3F5002F09D13E4B1B68DB0803F00303A6
:1001C0003C4A22FA03F3FB6210E0394B1B6803F44C
:1001D0000073B3F5007F06D1BB6AB3F5402F02D19F
:1001E000354BFB6202E00023FB6278E377E3304BA0
:1001F000D3F8E43003F04073BB62BB6A002B03D139
:10020000FEF7FAFAF8626AE3BB6AB3F1807F07D1BE
:1002100007F10C031846FFF7C1FA7B69FB625EE346
:10022000234B1B6803F00203022B0DD1BB6AB3F111
:10023000007F09D11E4B1B68DB0803F003031D4A36
:1002400022FA03F3FB624AE30023FB6247E3184B05
:10025000D3F8E43003F04063BB62BB6A002B03D1E8
:10026000FEF7F6FAF8623AE3BB6AB3F1806F07D1A2
:1002700007F10C031846FFF791FA7B69FB622EE346
:100280000B4B1B6803F00203022B0DD1BB6AB3F1C9
:10029000006F09D1064B1B68DB0803F00303054A16
:1002A00022FA03F3FB621AE30023FB6217E300BFA9
:1002B000000C02440090D00300093D009B4BD3F892
:1002C000DC3003F4E063BB62BB6AB3F5A06F44D0DB
:1002D000BB6AB3F5A06F79D8BB6AB3F5806F2DD038
:1002E000BB6AB3F5806F71D8BB6AB3F5407F17D096
:1002F000BB6AB3F5407F69D8BB6A002B04D0BB6AE8
:10030000B3F5807F04D061E0FEF7A2FAF86260E006
:1003100007F10C031846FFF741FAFB68FB6258E04F
:10032000824BD3F8F03003F00203022B03D14FF4D9
:100330000043FB624DE00023FB624AE07B4BD3F8B5
:10034000F03003F00063B3F1006F03D14FF4FA43D0
:10035000FB623EE00023FB623BE0744BD3F8E830E5
:1003600003F040437B62714B1B6803F00203022BD6
:100370000CD17B6A002B09D16C4B1B68DB0803F0A6
:1003800003036B4A22FA03F3FB621EE0674B1B6810
:1003900003F40073B3F5007F06D17B6AB3F1804F9D
:1003A00002D1644BFB6210E0604B1B6803F4003326
:1003B000B3F5003F06D17B6AB3F1004F02D15E4B2B
:1003C000FB6202E00023FB6203E002E00023FB6229
:1003D00000BF84E2554BD3F8DC3003F4E043BB624A
:1003E000BB6AB3F5A04F44D0BB6AB3F5A04F79D830
:1003F000BB6AB3F5804F2DD0BB6AB3F5804F71D87F
:10040000BB6AB3F5405F17D0BB6AB3F5405F69D8EC
:10041000BB6A002B04D0BB6AB3F5805F04D061E0F7
:10042000FEF7EAF9F86260E007F10C031846FFF7FF
:10043000B5F9FB68FB6258E03C4BD3F8F03003F0B1
:100440000203022B03D14FF40043FB624DE0002373
:10045000FB624AE0354BD3F8F03003F00063B3F1B0
:10046000006F03D14FF4FA43FB623EE00023FB62CE
:100470003BE02E4BD3F8E83003F040437B622B4B3C
:100480001B6803F00203022B0CD17B6A002B09D1FD
:10049000264B1B68DB0803F00303254A22FA03F30B
:1004A000FB621EE0214B1B6803F40073B3F5007F71
:1004B00006D17B6AB3F1804F02D11E4BFB6210E084
:1004C0001A4B1B6803F40033B3F5003F06D17B6A77
:1004D000B3F1004F02D1184BFB6202E00023FB6234
:1004E00003E002E00023FB6200BFF8E10F4BD3F80A
:1004F000E83003F44073BB620C4B1B6803F4003319
:10050000B3F5003F05D1BB6A002B02D10A4BFB6259
:10051000E5E1BB6AB3F5807F10D107F118031846F7
:10052000FEF7D0FFFB69FB62D9E100BF000C02447B
:100530000090D00300093D0000127A00BB6AB3F5B9
:10054000007F07D107F10C031846FFF727F93B6935
:10055000FB62C4E10023FB62C1E19D4BD3F8E030B4
:1005600003F00703BB62BB6A042B59D801A252F8FF
:1005700023F000BF8905010899050108210601083B
:10058000A9050108AF05010807F118031846FEF791
:1005900099FFFB69FB6246E007F10C031846FFF781
:1005A000FDF8FB68FB623EE08A4BFB623BE0884B58
:1005B000D3F8E83003F040437B62854B1B6803F0BF
:1005C0000203022B0CD17B6A002B09D1804B1B68E4
:1005D000DB0803F00303804A22FA03F3FB621EE008
:1005E0007B4B1B6803F40073B3F5007F06D17B6A75
:1005F000B3F1804F02D1794BFB6210E0744B1B6862
:1006000003F40033B3F5003F06D17B6AB3F1004F2A
:1006100002D1734BFB6202E00023FB6203E002E0C5
:100620000023FB6200BF5AE1694BD3F8E03003F0CE
:100630003803BB62BB6A202B22D0BB6A202B58D860
:10064000BB6A182B19D0BB6A182B52D8BB6A002B77
:1006500003D0BB6A082B08D04BE007F118031846FB
:10066000FEF730FFFB69FB6246E007F10C0318461A
:10067000FFF794F8FB68FB623EE0564BFB623BE001
:10068000534BD3F8E83003F040437B62504B1B6878
:1006900003F00203022B0CD17B6A002B09D14C4BD7
:1006A0001B68DB0803F003034B4A22FA03F3FB62E7
:1006B0001EE0474B1B6803F40073B3F5007F06D1BF
:1006C0007B6AB3F1804F02D1444BFB6210E0404B98
:1006D0001B6803F40033B3F5003F06D17B6AB3F126
:1006E000004F02D13E4BFB6202E00023FB6203E0BD
:1006F00002E00023FB6200BFF1E0354BD3F8E030AD
:1007000003F4E073BB62BB6AB3F5807F23D0BB6A9E
:10071000B3F5807F58D8BB6AC02B19D0BB6AC02BF9
:1007200052D8BB6A002B03D0BB6A402B08D04BE0E9
:1007300007F118031846FEF7C5FEFB69FB6246E0A9
:1007400007F10C031846FFF729F8FB68FB623EE04F
:10075000204BFB623BE01E4BD3F8E83003F04043F4
:100760007B621B4B1B6803F00203022B0CD17B6ADC
:10077000002B09D1164B1B68DB0803F00303164A54
:1007800022FA03F3FB621EE0114B1B6803F40073B3
:10079000B3F5007F06D17B6AB3F1804F02D10F4BD6
:1007A000FB6210E00A4B1B6803F40033B3F5003F13
:1007B00006D17B6AB3F1004F02D1094BFB6202E024
:1007C0000023FB6203E002E00023FB6200BF86E03F
:1007D000000C02440080BB000090D00300093D00E3
:1007E00000127A00404BD3F8E83003F03003BB62CC
:1007F0003D4B1B6803F40053B3F5005F05D1BB6AA2
:10080000002B02D1394BFB6231E0374B1B6803F000
:100810000073B3F1007F0AD1BB6A102B07D107F137
:1008200018031846FEF74EFEFB69FB621FE02E4BD5
:10083000D3F8F03003F00203022B06D1BB6A202B61
:1008400003D14FF40043FB6211E0274BD3F8F030A3
:1008500003F00063B3F1006F06D1BB6A302B03D104
:100860004FF4FA43FB6202E00023FB6237E036E01C
:100870001D4BD3F8E43003F03003BB62BB6A102B8E
:1008800007D107F118031846FEF71CFEFB69FB624F
:1008900025E0154B1B6803F00063B3F1006F0AD12C
:1008A000BB6A202B07D107F10C031846FEF776FF31
:1008B0003B69FB620FE00C4B1B6803F40053B3F57C
:1008C000005F05D1BB6A302B02D1084BFB6202E00E
:1008D0000023FB6203E002E00023FB6200BFFB6A2F
:1008E00018463037BD4680BD000C0244006CDC0267
:1008F00080B584B000AF7860484B1B68474A23F04E
:1009000080631360FCF76CF9F86008E0FCF768F9A5
:100910000246FB68D31A022B01D903237AE03F4B2E
:100920001B6803F00063002BF0D13C4BDB6A23F41F
:100930007C5323F003037A6811687A6852681202C4
:100940000A4336491343CB627B689B68013BC3F380
:1009500008027B68DB68013B5B029BB21A437B6841
:100960001B69013B1B0403F4FE031A437B685B69AC
:10097000013B1B0603F0FE4328491343CB63274B7F
:10098000DB6A23F00C027B689B6924491343CB622A
:10099000224BDB6A23F020027B68DB691F4913438B
:1009A000CB621E4BDA6A7B685B6A1C491343CB62DD
:1009B0001A4BDB6A194A23F01003D362174B1B6CE6
:1009C00023F47F4323F0F8037A68126AD2001349B4
:1009D00013430B64114BDB6A104A43F01003D362DC
:1009E0000E4B1B680D4A43F080631360FCF7F8F868
:1009F000F86008E0FCF7F4F80246FB68D31A022B13
:100A000001D9032306E0054B1B6803F00063002BAC
:100A1000F0D0002318461037BD4680BD000C0244BC
:100A200080B584B000AF78607B68002B01D10123D2
:100A3000E9E07B6800229A627B681B68744A9342F3
:100A400005D17B68DB680F2B01D90123DBE07868D7
:100A500001F092F9F8607B681B686D4A934202D1FD
:100A6000FB68082B11D87B681B686A4A934209D03F
:100A70007B681B68684A934204D07B681B68674A9E
:100A8000934204D1FB68102B01D90123BBE07B68A2
:100A900093F88930DBB2002B06D17B68002283F803
:100AA00088207868F9F760FA7B68022283F8892049
:100AB0007B681B681A687B681B6822F001021A6059
:100AC0007B681B689B6803F4F813BB607B689B69B9
:100AD000B3F1806F19D17B685B68B3F5800F03D1E8
:100AE0007B689B6B002B08D07B685B68002B0CD16C
:100AF0007B689B6BB3F1805F07D17B681B681A68CA
:100B00007B681B6842F480521A607B685B6803F460
:100B10008003002B0FD07B68DB68062B0BD97B682A
:100B20001B681B6823F480717B681A6D7B681B68E7
:100B30000A431A6007E07B681B681A687B681B68B9
:100B400022F480721A607B68DA697B689B6A1A43B8
:100B5000BB681A437B68DB6B42EA03017B68DA6897
:100B60007B681B680A439A607B685A6B7B685B6A88
:100B70001A437B689B6B1A437B689B691A437B68AB
:100B80001B691A437B685B691A437B681B6A1A43BB
:100B90007B685B681A437B68DB6C1A437B689B68E5
:100BA0001A437B689B6C1A437B689B6D1A437B6876
:100BB000DB6D42EA03017B681A6E7B681B680A439F
:100BC000DA607B681B681A6D7B681B6822F0010283
:100BD0001A657B685B6803F48003002B0AD07B688E
:100BE0001B68DB6823F000417B685A6D7B681B68DB
:100BF0000A43DA607B680022C3F88C207B680122FC
:100C000083F88920002318461037BD4680BD00BFF9
:100C1000ADDEADDE0030014000380040003C004059
:100C200080B588B002AFF860B9603B601346FB80C6
:100C3000FB681B6820337B61FBF7D2FF3861FB68E0
:100C400093F88930DBB2012B01D00223E5E1BB68C8
:100C5000002B02D0FB88002B01D10123DDE1FB68D2
:100C600093F88830012B01D10223D6E1FB680122E1
:100C700083F88820FB68032283F88920FB68002220
:100C8000C3F88C20FB68BA685A66FB68FA88A3F838
:100C90006820FB68FA88A3F86A20FB680022DA66FD
:100CA000FB680022A3F87020FB680022A3F87220E2
:100CB000FB680022DA67FB6800229A67FB689B6882
:100CC000B3F5C02F08D1FB681B681A68FB681B6866
:100CD00042F400621A6009E0FB681B68DB6823F4D9
:100CE000C022FB681B6842F40032DA60FB681B68B4
:100CF0005B681B0C1B04F988FA6812680B4353608D
:100D0000FB681B681A68FB681B6842F001021A60E6
:100D1000FB685B68B3F5800F07D1FB681B681A6836
:100D2000FB681B6842F400721A60FB68DB680F2BDB
:100D300056D9FB681B688D4A93424AD0FB681B68F2
:100D40008B4A934245D0FB681B688A4A934247D13D
:100D50003FE0FB681B685B6903F00203022B14D1C0
:100D6000FB685A6EFB681B6812681A62FB685B6E50
:100D70001A1DFB685A66FB68B3F86A309BB2013BE8
:100D80009AB2FB68A3F86A2023E0FBF729FF02462A
:100D90003B69D31A3A689A4203D83B68B3F1FF3FE4
:100DA00002D13B68002B14D1F86800F017FFFB68F4
:100DB000D3F88C3043F48072FB68C3F88C20FB6856
:100DC000012283F88920FB68002283F8882003230E
:100DD00023E1FB68B3F86A309BB2002BB9D1F6E08F
:100DE000FB68DB68072B40F2EB805DE0FB681B686B
:100DF0005B6903F00203022B32D1FB68B3F86A305F
:100E00009BB2012B18D9FB68DB6B002B14D0FB685D
:100E10005A6EFB681B6812681A62FB685B6E1A1DCB
:100E2000FB685A66FB68B3F86A309BB2023B9AB221
:100E3000FB68A3F86A2037E0FB685B6E1A887B6961
:100E40001A80FB685B6E9A1CFB685A66FB68B3F8F5
:100E50006A309BB2013B9AB2FB68A3F86A2023E098
:100E6000FBF7BEFE02463B69D31A3A689A4203D8A2
:100E70003B68B3F1FF3F02D13B68002B14D1F86807
:100E800000F0ACFEFB68D3F88C3043F48072FB6852
:100E9000C3F88C20FB68012283F88920FB680022BC
:100EA00083F888200323B8E0FB68B3F86A309BB26C
:100EB000002B9BD18BE0FB681B685B6903F002038E
:100EC000022B59D1FB68B3F86A309BB2032B18D9B7
:100ED000FB68DB6B402B14D9FB685A6EFB681B6800
:100EE00012681A62FB685B6E1A1DFB685A66FB6823
:100EF000B3F86A309BB2043B9AB2FB68A3F86A204D
:100F00005EE0FB68B3F86A309BB2012B17D9FB682F
:100F1000DB6B002B13D0FB685B6E1A887B691A8031
:100F2000FB685B6E9A1CFB685A66FB68B3F86A3014
:100F30009BB2023B9AB2FB68A3F86A2040E0FB68D0
:100F40005A6EFB681B68203312781A70FB685B6E60
:100F50005A1CFB685A66FB68B3F86A309BB2013BC7
:100F60009AB2FB68A3F86A202AE000BF0030014073
:100F700000380040003C0040FBF732FE02463B696F
:100F8000D31A3A689A4203D83B68B3F1FF3F02D1C3
:100F90003B68002B14D1F86800F020FEFB68D3F802
:100FA0008C3043F48072FB68C3F88C20FB6801220C
:100FB00083F88920FB68002283F8882003232CE033
:100FC000FB68B3F86A309BB2002B7FF474AF3B69C7
:100FD00000933B6800220821F86800F09FFE03465A
:100FE000002B07D0FB68D3F88C3043F02002FB685D
:100FF000C3F88C20F86800F0F1FDFB68012283F84B
:101000008920FB68002283F88820FB68D3F88C30A5
:10101000002B01D0012300E0002318461837BD46FD
:1010200080BD00BF80B588B000AFF860B9603B609C
:101030001346FB80FB68DB6B5B099BB20133FB83D0
:10104000FB681B683033BB61FBF7CAFD7861FB6846
:1010500093F88930DBB2012B01D0022364E2BB6834
:10106000002B02D0FB88002B01D101235CE2FB683E
:1010700093F88830012B01D1022355E2FB6801224D
:1010800083F88820FB68042283F88920FB6800220B
:10109000C3F88C20FB68BA68DA66FB68FA88A3F8A4
:1010A0007020FB68FA88A3F87220FB6800225A6659
:1010B000FB680022A3F86820FB680022A3F86A20DE
:1010C000FB6800229A67FB680022DA67FB689B686E
:1010D000B3F5C02F08D1FB681B681A68FB681B6852
:1010E00022F400621A6009E0FB681B68DB6823F4E5
:1010F000C022FB681B6842F48022DA60FB681B6830
:101100005B681B0C1B04F988FA6812680B43536078
:10111000FB681B681A68FB681B6842F001021A60D2
:10112000FB685B68B3F5800F07D1FB681B681A6822
:10113000FB681B6842F400721A60FB68DB680F2BC7
:101140007BD9FB681B688C4A93426FD0FB681B6895
:101150008A4A93426AD0FB681B68894A93426CD1E1
:1011600064E0FB681B685B693B61FB681B685B694B
:1011700003F00103012B14D1FB681A68FB68DB6ED6
:10118000126B1A60FB68DB6E1A1DFB68DA66FB687F
:10119000B3F872309BB2013B9AB2FB68A3F872209D
:1011A00044E0FB68B3F872309BB2FA8B9A4219D9CB
:1011B0003B6903F40043002B14D0FB681A68FB68FA
:1011C000DB6E126B1A60FB68DB6E1A1DFB68DA6659
:1011D000FB68B3F872309BB2013B9AB2FB68A3F88C
:1011E000722023E0FBF7FCFC02467B69D31A3A68C5
:1011F0009A4203D83B68B3F1FF3F02D13B68002B12
:1012000014D1F86800F0EAFCFB68D3F88C3043F4A2
:101210008072FB68C3F88C20FB68012283F8892068
:10122000FB68002283F8882003237DE1FB68B3F884
:1012300072309BB2002B94D163E1FB68DB68072B13
:1012400040F258818FE0FB681B685B693B61FB687B
:101250001B685B6903F00103012B14D1FB68DB6E93
:10126000BA69128892B21A80FB68DB6E9A1CFB681E
:10127000DA66FB68B3F872309BB2013B9AB2FB6846
:10128000A3F872206FE0FB68B3F872309BB2FA8B60
:101290009A4224D93B6903F40043002B1FD0FB681A
:1012A000DB6EBA69128892B21A80FB68DB6E9A1CF8
:1012B000FB68DA66FB68DB6EBA69128892B21A8044
:1012C000FB68DB6E9A1CFB68DA66FB68B3F8723069
:1012D0009BB2023B9AB2FB68A3F8722043E0FB6822
:1012E000B3F872309BB2012B19D13B6903F4005360
:1012F000002B14D0FB68DB6EBA69128892B21A8098
:10130000FB68DB6E9A1CFB68DA66FB68B3F8723028
:101310009BB2013B9AB2FB68A3F8722023E0FBF773
:101320005FFC02467B69D31A3A689A4203D83B684D
:10133000B3F1FF3F02D13B68002B14D1F86800F0F5
:101340004DFCFB68D3F88C3043F48072FB68C3F823
:101350008C20FB68012283F88920FB68002283F837
:1013600088200323E0E0FB68B3F872309BB2002BC7
:101370007FF469AFC5E000BF003001400038004095
:10138000003C0040FB681B685B693B61FB681B68B5
:101390005B6903F00103012B17D1FB681B6803F1A4
:1013A0003002FB68DB6E1278D2B21A70FB68DB6E1B
:1013B0005A1CFB68DA66FB68B3F872309BB2013BDB
:1013C0009AB2FB68A3F8722094E0FB68B3F872301D
:1013D0009BB2FA8B9A4246D93B6903F40043002B37
:1013E00041D0FB681B6803F13002FB68DB6E1278AA
:1013F000D2B21A70FB68DB6E5A1CFB68DA66FB68B7
:101400001B6803F13002FB68DB6E1278D2B21A70EF
:10141000FB68DB6E5A1CFB68DA66FB681B6803F12D
:101420003002FB68DB6E1278D2B21A70FB68DB6E9A
:101430005A1CFB68DA66FB681B6803F13002FB6824
:10144000DB6E1278D2B21A70FB68DB6E5A1CFB6836
:10145000DA66FB68B3F872309BB2043B9AB2FB6861
:10146000A3F8722046E0FB68B3F872309BB2032BFE
:101470001CD83B6903F4C043002B17D0FB681B68E2
:1014800003F13002FB68DB6E1278D2B21A70FB688F
:10149000DB6E5A1CFB68DA66FB68B3F872309BB2ED
:1014A000013B9AB2FB68A3F8722023E0FBF798FB9C
:1014B00002467B69D31A3A689A4203D83B68B3F173
:1014C000FF3F02D13B68002B14D1F86800F086FB87
:1014D000FB68D3F88C3043F48072FB68C3F88C202F
:1014E000FB68012283F88920FB68002283F88820AA
:1014F000032319E0FB68B3F872309BB2002B7FF432
:1015000041AFF86800F06AFBFB68012283F889208C
:10151000FB68002283F88820FB68D3F88C30002B0E
:1015200001D0012300E0002318462037BD4680BDCE
:1015300080B58EB002AFF860B9607A607B80FB68DE
:101540001B6820337B62FB681B6830333B62FB689F
:10155000DB6B5B099BB20133FB83FBF741FBB8619B
:101560007B887B857B883B85FB6893F88930DBB281
:10157000012B01D002231EE3BB68002B05D07B6842
:10158000002B02D07B88002B01D1012313E3FB68E1
:1015900093F88830012B01D102230CE3FB68012270
:1015A00083F88820FB68052283F88920FB680022E5
:1015B000C3F88C20FB687A68DA66FB687A88A3F83F
:1015C0007220FB687A88A3F87020FB68BA685A66B4
:1015D000FB687A88A3F86A20FB687A88A3F86820F9
:1015E000FB6800229A67FB680022DA67FB681B68C9
:1015F000DA68FB681B6822F4C022DA60FB681B68AB
:10160000784A934209D0FB681B68774A934204D01A
:10161000FB681B68754A934202D11023FB6201E00C
:101620000823FB62FB681B685B681B0C1B04798842
:10163000FA6812680B435360FB681B681A68FB6802
:101640001B6842F001021A60FB685B68B3F5800F0B
:1016500007D1FB681B681A68FB681B6842F40072BC
:101660001A60FB68DB680F2B40F2B280FB681B68D6
:101670005C4A93420AD0FB681B685B4A934205D0E0
:10168000FB681B68594A934240F0A280FB6A9B08A2
:10169000FB6294E0FB681B685B6903F00203022BAA
:1016A00020D17B8D002B1DD03A8D798DFB6A0B44A8
:1016B0009A4217D2FB685A6EFB681B6812681A625E
:1016C000FB685B6E1A1DFB685A66FB68B3F86A30EC
:1016D0009BB2013B9AB2FB68A3F86A20FB68B3F89F
:1016E0006A307B85FB681B685B697B613B8D002BE7
:1016F00065D0FB681B685B6903F00103012B18D1FF
:10170000FB681A68FB68DB6E126B1A60FB68DB6EA5
:101710001A1DFB68DA66FB68B3F872309BB2013BB6
:101720009AB2FB68A3F87220FB68B3F872303B856D
:1017300045E03A8DFB8B9A421DD27B6903F400434E
:10174000002B18D0FB681A68FB68DB6E126B1A60FE
:10175000FB68DB6E1A1DFB68DA66FB68B3F8723053
:101760009BB2013B9AB2FB68A3F87220FB68B3F806
:1017700072303B8523E0FBF733FA0246BB69D31A8C
:10178000BA6B9A4203D8BB6BB3F1FF3F02D1BB6B7C
:10179000002B14D1F86800F021FAFB68D3F88C30E4
:1017A00043F48072FB68C3F88C20FB68012283F845
:1017B0008920FB68002283F888200323FBE17B8DCE
:1017C000002B7FF467AF3B8D002B7FF463AFCCE140
:1017D000FB68DB68072B40F2C081FB6A5B08FB6299
:1017E000C7E000BF0030014000380040003C00402E
:1017F000FB681B685B6903F00203022B1FD17B8D22
:10180000002B1CD03A8D798DFB6A0B449A4216D27C
:10181000FB685B6E1A887B6A1A80FB685B6E9A1C99
:10182000FB685A66FB68B3F86A309BB2013B9AB218
:10183000FB68A3F86A20FB68B3F86A307B85FB6815
:101840001B685B697B613B8D002B00F09280FB681D
:101850001B685B6903F00103012B18D1FB68DB6E89
:101860003A6A128892B21A80FB68DB6E9A1CFB6897
:10187000DA66FB68B3F872309BB2013B9AB2FB6840
:10188000A3F87220FB68B3F872303B8571E03A8DA3
:10189000FB8B9A4228D27B6903F40043002B23D0B0
:1018A000FB68DB6E3A6A128892B21A80FB68DB6EC4
:1018B0009A1CFB68DA66FB68DB6E3A6A128892B2A1
:1018C0001A80FB68DB6E9A1CFB68DA66FB68B3F86B
:1018D00072309BB2023B9AB2FB68A3F87220FB689D
:1018E000B3F872303B8544E03B8D012B1DD17B6901
:1018F00003F40053002B18D0FB68DB6E3A6A1288A1
:1019000092B21A80FB68DB6E9A1CFB68DA66FB6891
:10191000B3F872309BB2013B9AB2FB68A3F8722015
:10192000FB68B3F872303B8523E0FBF759F90246B8
:10193000BB69D31ABA6B9A4203D8BB6BB3F1FF3FB2
:1019400002D1BB6B002B14D1F86800F047F9FB689B
:10195000D3F88C3043F48072FB68C3F88C20FB68AA
:10196000012283F88920FB68002283F88820032362
:1019700021E17B8D002B7FF43BAF3B8D002B7FF46F
:1019800037AFF2E0FB681B685B6903F00203022BD0
:1019900021D17B8D002B1ED03A8D798DFB6A0B44B3
:1019A0009A4218D2FB685A6EFB681B682033127883
:1019B0001A70FB685B6E5A1CFB685A66FB68B3F8CA
:1019C0006A309BB2013B9AB2FB68A3F86A20FB68BD
:1019D000B3F86A307B85FB681B685B697B613B8D74
:1019E000002B00F0BA80FB681B685B6903F0010301
:1019F000012B1BD1FB681B6803F13002FB68DB6E17
:101A00001278D2B21A70FB68DB6E5A1CFB68DA6679
:101A1000FB68B3F872309BB2013B9AB2FB68A3F843
:101A20007220FB68B3F872303B8596E03A8DFB8BF1
:101A30009A424AD27B6903F40043002B45D0FB68ED
:101A40001B6803F13002FB68DB6E1278D2B21A70A9
:101A5000FB68DB6E5A1CFB68DA66FB681B6803F1E7
:101A60003002FB68DB6E1278D2B21A70FB68DB6E54
:101A70005A1CFB68DA66FB681B6803F13002FB68DE
:101A8000DB6E1278D2B21A70FB68DB6E5A1CFB68F0
:101A9000DA66FB681B6803F13002FB68DB6E1278C4
:101AA000D2B21A70FB68DB6E5A1CFB68DA66FB6800
:101AB000B3F872309BB2043B9AB2FB68A3F8722071
:101AC000FB68B3F872303B8547E03B8D032B20D891
:101AD0007B6903F4C043002B1BD0FB681B6803F138
:101AE0003002FB68DB6E1278D2B21A70FB68DB6ED4
:101AF0005A1CFB68DA66FB68B3F872309BB2013B94
:101B00009AB2FB68A3F87220FB68B3F872303B8589
:101B100023E0FBF765F80246BB69D31ABA6B9A4219
:101B200003D8BB6BB3F1FF3F02D1BB6B002B14D1C9
:101B3000F86800F053F8FB68D3F88C3043F48072F7
:101B4000FB68C3F88C20FB68012283F88920FB68BE
:101B5000002283F8882003232DE07B8D002B7FF467
:101B600011AF3B8D002B7FF40DAFBB690093BB6BB6
:101B700000220821F86800F0D1F80346002B07D0B6
:101B8000FB68D3F88C3043F02002FB68C3F88C204C
:101B9000F86800F023F8FB68012283F88920FB68CD
:101BA000002283F88820FB68D3F88C30002B01D00A
:101BB000012300E0002318463037BD4680BD00BF3A
:101BC00080B483B000AF78607B6893F88930DBB273
:101BD00018460C37BD465DF8047B704780B485B06D
:101BE00000AF78607B681B685B69FB607B681B6883
:101BF0009A697B681B6842F008029A617B681B68DF
:101C00009A697B681B6842F010029A617B681B68C6
:101C10001A687B681B6822F001021A607B681B68E7
:101C20001B697A68126823F45B7323F00303136162
:101C30007B681B689A687B681B6822F440429A6044
:101C40007B6893F88930DBB2042B14D0FB6803F077
:101C50002003002B0FD07B68D3F88C3043F0800238
:101C60007B68C3F88C207B681B689A697B681B685B
:101C700042F020029A617B6893F88930DBB2032B33
:101C800014D0FB6803F04003002B0FD07B68D3F81F
:101C90008C3043F004027B68C3F88C207B681B689F
:101CA0009A697B681B6842F040029A61FB6803F402
:101CB0000073002B0FD07B68D3F88C3043F0010207
:101CC0007B68C3F88C207B681B689A697B681B68FB
:101CD00042F400729A61FB6803F48073002B0FD00A
:101CE0007B68D3F88C3043F008027B68C3F88C2003
:101CF0007B681B689A697B681B6842F480729A61F2
:101D00007B680022A3F86A207B680022A3F8722077
:101D100000BF1437BD465DF8047B704780B584B0C2
:101D200000AFF860B9603B601346FB7110E0FAF752
:101D300057FF0246BB69D31A3A689A4203D83B68F8
:101D4000B3F1FF3F02D13B68002B01D103230FE029
:101D5000FB681B685A69BB681340BA689A420CBF9B
:101D600001230023DBB21A46FB799A42DFD000231D
:101D700018461037BD4680BD80B485B000AF78608E
:101D80007B68DB6B5B090133FB607B68DB680133DD
:101D9000BB60BB680733DB08BB60BB68FA6802FB4B
:101DA00003F318461437BD465DF8047B704780B5D1
:101DB00082B000AF78607B68002B01D1012349E03D
:101DC0007B6893F83D30DBB2002B06D17B680022A4
:101DD00083F83C207868F8F7E5F97B68022283F8FD
:101DE0003D207B681A687B6804331946104600F072
:101DF0004DFB7B68012283F848207B68012283F831
:101E00003E207B68012283F83F207B68012283F813
:101E100040207B68012283F841207B68012283F8FF
:101E200042207B68012283F843207B68012283F8EB
:101E300044207B68012283F845207B68012283F8D7
:101E400046207B68012283F847207B68012283F8C3
:101E50003D20002318460837BD4680BD80B485B0BC
:101E600000AF78607B6893F83D30DBB2012B01D086
:101E700001233BE07B68022283F83D207B681B68DE
:101E8000DA687B681B6842F00102DA607B681B68D5
:101E9000194A934209D07B681B68B3F1804F04D084
:101EA0007B681B68154A934215D17B681B689A684A
:101EB000134B1340FB60FB68062B15D0FB68B3F592
:101EC000803F11D07B681B681A687B681B6842F0F2
:101ED00001021A6008E07B681B681A687B681B684F
:101EE00042F001021A6000E000BF002318461437D8
:101EF000BD465DF8047B7047002C014000040040A3
:101F00000700010080B483B000AF78607B681B6875
:101F1000DA687B681B6822F00102DA607B681B6864
:101F20001A6A41F211131340002B0FD17B681B6812
:101F30001A6A44F244431340002B07D17B681B68A4
:101F40001A687B681B6822F001021A607B68012214
:101F500083F83D20002318460C37BD465DF8047B0E
:101F6000704780B584B000AF78607B681B68DB6821
:101F7000FB607B681B681B69BB60BB6803F00203E6
:101F8000002B20D0FB6803F00203002B1BD07B68E2
:101F90001B686FF002021A617B6801221A777B6866
:101FA0001B689B6903F00303002B03D0786800F0E3
:101FB0004FFA05E0786800F041FA786800F052FACC
:101FC0007B6800221A77BB6803F00403002B20D043
:101FD000FB6803F00403002B1BD07B681B686FF0C9
:101FE00004021A617B6802221A777B681B689B696E
:101FF00003F44073002B03D0786800F029FA05E061
:10200000786800F01BFA786800F02CFA7B680022F0
:102010001A77BB6803F00803002B20D0FB6803F09D
:102020000803002B1BD07B681B686FF008021A6145
:102030007B6804221A777B681B68DB6903F0030363
:10204000002B03D0786800F003FA05E0786800F010
:10205000F5F9786800F006FA7B6800221A77BB6809
:1020600003F01003002B20D0FB6803F01003002BBB
:102070001BD07B681B686FF010021A617B68082216
:102080001A777B681B68DB6903F44073002B03D06D
:10209000786800F0DDF905E0786800F0CFF978683D
:1020A00000F0E0F97B6800221A77BB6803F00103B7
:1020B000002B0CD0FB6803F00103002B07D07B68DA
:1020C0001B686FF001021A617868F8F7BBFDBB6806
:1020D00003F08003002B04D1BB6803F40053002BF2
:1020E0000CD0FB6803F08003002B07D07B681B68D3
:1020F0006FF402521A61786800F03CFBBB6803F48D
:102100008073002B0CD0FB6803F08003002B07D0FA
:102110007B681B686FF480721A61786800F034FB8A
:10212000BB6803F04003002B0CD0FB6803F04003B6
:10213000002B07D07B681B686FF040021A6178683B
:1021400000F09AF9BB6803F02003002B0CD0FB6869
:1021500003F02003002B07D07B681B686FF0200280
:102160001A61786800F0FCFABB6803F48013002B56
:102170000CD0FB6803F48013002B07D07B681B682E
:102180006FF480121A61786800F008FBBB6803F4F2
:102190000013002B0CD0FB6803F40013002B07D0B6
:1021A0007B681B686FF400121A61786800F000FB0E
:1021B000BB6803F48003002B0CD0FB6803F480039E
:1021C000002B07D07B681B686FF480021A61786867
:1021D00000F0F8FABB6803F40003002B0CD0FB6896
:1021E00003F40003002B07D07B681B686FF4000228
:1021F0001A61786800F0F0FA00BF1037BD4680BD64
:1022000080B584B000AF786039600023FB737B68D1
:1022100093F83C30012B01D10223FEE07B680122C0
:1022200083F83C207B68022283F83D207B681B6892
:102230009B68BB60BB6823F4441323F07703BB6047
:10224000BB6823F47F43BB607B681B68BA689A60F5
:102250003B681B68B3F5001F00F0C980B3F5001F91
:1022600000F2CE806F4A934200F0C1806D4A9342E3
:1022700000F2C6806C4A934200F0B9806A4A9342E9
:1022800000F2BE80694A934200F0B180674A9342EF
:1022900000F2B680664A934200F0A980644A9342F5
:1022A00000F2AE80634A934200F0A180614A9342FB
:1022B00000F2A680604A934200F099805E4A934201
:1022C00000F29E80B3F1101F00F09180B3F1101F57
:1022D00000F29680B3F5801F00F08980B3F5801F6F
:1022E00000F28E80B3F5005F3ED0B3F5005F00F2E0
:1022F0008780B3F5805F00F08680B3F5805F7FD87C
:10230000702B1AD0702B7BD8602B50D0602B77D8D5
:10231000502B3CD0502B73D8402B58D0402B6FD82B
:10232000302B64D0302B6BD8202B60D0202B67D87B
:10233000002B5CD0102B5AD062E07B6818683B6899
:1023400099683B685A683B68DB6800F081F97B68F4
:102350001B689B68BB60BB6843F07703BB607B680E
:102360001B68BA689A604FE07B6818683B68996898
:102370003B685A683B68DB6800F06AF97B681B6859
:102380009A687B681B6842F480429A603CE07B68F4
:1023900018683B6859683B68DB681A4600F0DCF84F
:1023A0007B681B685021184600F035F92CE07B68EB
:1023B00018683B6859683B68DB681A4600F0FBF810
:1023C0007B681B686021184600F025F91CE07B68DB
:1023D00018683B6859683B68DB681A4600F0BCF82F
:1023E0007B681B684021184600F015F90CE07B68FB
:1023F0001A683B681B681946104600F00CF903E0A8
:102400000123FB7300E000BF7B68012283F83D20BD
:102410007B68002283F83C20FB7B18461037BD46C2
:1024200080BD00BF70001000600010005000100060
:1024300040001000300010002000100080B483B075
:1024400000AF786000BF0C37BD465DF8047B704775
:1024500080B483B000AF786000BF0C37BD465DF834
:10246000047B704780B483B000AF786000BF0C3746
:10247000BD465DF8047B704780B483B000AF7860E0
:1024800000BF0C37BD465DF8047B704780B485B053
:1024900000AF786039607B681B68FB607B682C4A02
:1024A000934207D07B68B3F1804F03D07B68294A01
:1024B000934208D1FB6823F07003FB603B685B68C4
:1024C000FA681343FB607B68214A934207D07B681C
:1024D000B3F1804F03D07B681E4A934208D1FB685A
:1024E00023F44073FB603B68DB68FA681343FB60CE
:1024F000FB6823F080023B685B691343FB607B68E9
:10250000FA681A603B689A687B68DA623B681A6806
:102510007B689A627B680E4A934203D13B681A69D2
:102520007B681A637B6801225A617B681B6903F030
:102530000103012B05D17B681B6923F001027B6835
:102540001A6100BF1437BD465DF8047B704700BFB9
:10255000002C01400004004080B487B000AFF86058
:10256000B9607A60FB681B6A7B61FB681B6A23F0B9
:102570000102FB681A62FB689B693B613B6923F0BF
:10258000F0033B617B681B013A6913433B617B6944
:1025900023F00A037B617A69BB6813437B61FB68A4
:1025A0003A699A61FB687A691A6200BF1C37BD46B6
:1025B0005DF8047B704780B487B000AFF860B96005
:1025C0007A60FB681B6A7B61FB681B6A23F0100260
:1025D000FB681A62FB689B693B613B6923F47043AB
:1025E0003B617B681B033A6913433B617B6923F0C2
:1025F000A0037B61BB681B017A6913437B61FB68A5
:102600003A699A61FB687A691A6200BF1C37BD4655
:102610005DF8047B704780B485B000AF78603960A6
:102620007B689B68FB60FB6823F4401323F0700316
:10263000FB603A68FB68134343F00703FB607B6869
:10264000FA689A6000BF1437BD465DF8047B704796
:1026500080B487B000AFF860B9607A603B60FB6817
:102660009B687B617B6923F47F437B613B681A0233
:102670007B681A43BB6813437A6913437B61FB6829
:102680007A699A6000BF1C37BD465DF8047B7047CD
:1026900080B485B000AF786039607B6893F83C30D7
:1026A000012B01D1022351E07B68012283F83C20F9
:1026B0007B68022283F83D207B681B685B68FB60B7
:1026C0007B681B689B68BB607B681B68224A9342DF
:1026D00008D1FB6823F47003FB603B685B68FA6811
:1026E0001343FB60FB6823F0007323F07003FB606F
:1026F0003B681B68FA681343FB607B681B68FA68D9
:102700005A607B681B68144A934209D07B681B6837
:10271000B3F1804F04D07B681B68104A93420CD100
:10272000BB6823F08003BB603B689B68BA681343B7
:10273000BB607B681B68BA689A607B68012283F87B
:102740003D207B68002283F83C2000231846143784
:10275000BD465DF8047B7047002C0140000400403A
:1027600080B483B000AF786000BF0C37BD465DF821
:10277000047B704780B483B000AF786000BF0C3733
:10278000BD465DF8047B704780B483B000AF7860CD
:1027900000BF0C37BD465DF8047B704780B483B042
:1027A00000AF786000BF0C37BD465DF8047B704712
:1027B00080B483B000AF786000BF0C37BD465DF8D1
:1027C000047B704780B483B000AF786000BF0C37E3
:1027D000BD465DF8047B704780B483B000AF78607D
:1027E00000BF0C37BD465DF8047B704780B582B0F2
:1027F00000AF78607B68002B01D1012342E07B6849
:10280000D3F88830002B06D17B68002283F884201F
:102810007868F7F7EFFC7B682422C3F888207B6890
:102820001B681A687B681B6822F001021A607B68CB
:102830009B6A002B02D0786800F0B4FC786800F046
:1028400033FB0346012B01D101231BE07B681B688E
:102850005A687B681B6822F490425A607B681B6848
:102860009A687B681B6822F02A029A607B681B6862
:102870001A687B681B6842F001021A60786800F0F1
:1028800033FD034618460837BD4680BD80B5AEB05F
:1028900000AF78607B681B68DB69C7F8B4307B6881
:1028A0001B681B68C7F8B0307B681B689B68C7F85B
:1028B000AC30D7F8B42040F60F031340C7F8A83067
:1028C000D7F8A830002B1BD1D7F8B43003F0200381
:1028D000002B15D0D7F8B03003F02003002B05D122
:1028E000D7F8AC3003F08053002B09D07B685B6FC6
:1028F000002B00F0AC827B685B6F78689847A6E29B
:10290000D7F8A830002B00F0FD80D7F8AC207A4B28
:102910001340002B06D1D7F8B020784B1340002B82
:1029200000F0F080D7F8B43003F00103002B11D091
:10293000D7F8B03003F48073002B0BD07B681B6892
:1029400001221A627B68D3F8903043F001027B6861
:10295000C3F89020D7F8B43003F00203002B11D055
:10296000D7F8AC3003F00103002B0BD07B681B6859
:1029700002221A627B68D3F8903043F004027B682D
:10298000C3F89020D7F8B43003F00403002B11D023
:10299000D7F8AC3003F00103002B0BD07B681B6829
:1029A00004221A627B68D3F8903043F002027B68FD
:1029B000C3F89020D7F8B43003F00803002B17D0E9
:1029C000D7F8B03003F02003002B05D1D7F8AC20A6
:1029D000494B1340002B0BD07B681B6808221A62FE
:1029E0007B68D3F8903043F008027B68C3F89020EE
:1029F000D7F8B43003F40063002B12D0D7F8B0300E
:102A000003F08063002B0CD07B681B684FF40062DE
:102A10001A627B68D3F8903043F020027B68C3F8D9
:102A200090207B68D3F89030002B00F01282D7F80A
:102A3000B43003F02003002B13D0D7F8B03003F0EC
:102A40002003002B05D1D7F8AC3003F08053002BC6
:102A500007D07B685B6F002B03D07B685B6F786867
:102A600098477B68D3F89030C7F8A4307B681B6820
:102A70009B6803F04003402B05D0D7F8A43003F047
:102A80002803002B2ED0786800F045FD7B681B687A
:102A90009B6803F04003402B20D17B68D3F8803043
:102AA000002B17D07B68D3F88030154ADA667B6834
:102AB000D3F880301846FAF7CFFA0346002B19D026
:102AC0007B68D3F88030DB6E7A68D2F880201046BD
:102AD00098470FE0786800F0D1F90BE0786800F0D3
:102AE000CDF907E0786800F0C9F97B680022C3F8E7
:102AF0009020AEE100BFACE1010000102001000415
:102B0000E33501087B68DB6E012B40F04281D7F88A
:102B1000B43003F01003002B00F03B81D7F8B03045
:102B200003F01003002B00F034817B681B68102237
:102B30001A627B681B689B6803F04003402B40F0DF
:102B4000AA807B68D3F880301B689B6CA7F8923012
:102B5000B7F89230002B00F084807B68B3F85C30CB
:102B6000B7F892209A427CD27B68B7F89220A3F8FB
:102B70005E207B68D3F880301B6D812B60D07B6832
:102B80001B687B677B6F53E8003F3B673B6F23F419
:102B90008073C7F88C307B681B681A46D7F88C3076
:102BA000C7F88030FA67F96FD7F8802041E8002332
:102BB000BB67BB6F002BE2D17B681B6808333B66A9
:102BC0003B6E53E8003FFB65FB6D23F00103C7F844
:102BD00088307B681B680833D7F88820FA66BB66A4
:102BE000B96EFA6E41E800237B667B6E002BE3D161
:102BF0007B682022C3F88C207B680022DA667B6821
:102C00001B68FB64FB6C53E8003FBB64BB6C23F0A8
:102C10001003C7F884307B681B681A46D7F88430E5
:102C2000BB657A65796DBA6D41E800233B653B6D04
:102C3000002BE4D17B68D3F880301846FAF790F97E
:102C40007B6802221A677B68B3F85C207B68B3F864
:102C50005E309BB2D31A9BB21946786800F018F91F
:102C6000F9E07B68B3F85C30B7F892209A4240F004
:102C7000F2807B68D3F880301B6D812B40F0EB80B5
:102C80007B6802221A677B68B3F85C301946786863
:102C900000F0FEF8DFE07B68B3F85C207B68B3F8F7
:102CA0005E309BB2D31AA7F8A2307B68B3F85E30CF
:102CB0009BB2002B00F0D180B7F8A230002B00F0BF
:102CC000CC807B681B68BB63BB6B53E8003F7B63B6
:102CD0007B6B23F49073C7F89C307B681B681A46A3
:102CE000D7F89C307B643A64396C7A6C41E80023F5
:102CF000FB63FB6B002BE4D17B681B6808337B62B2
:102D00007B6A53E8003F3B623B6A23F0805323F029
:102D10000103C7F898307B681B680833D7F8982000
:102D20003A63FB62F96A3A6B41E80023BB62BB6A13
:102D3000002BE1D17B682022C3F88C207B68002225
:102D4000DA667B6800225A677B681B683B613B69D7
:102D500053E8003FFB60FB6823F01003C7F8943092
:102D60007B681B681A46D7F89430FB61BA61B96971
:102D7000FA6941E800237B617B69002BE4D17B6821
:102D800002221A67B7F8A2301946786800F080F876
:102D900063E0D7F8B43003F48013002B0ED0D7F8DB
:102DA000AC3003F48003002B08D07B681B684FF421
:102DB00080121A62786800F051FC51E0D7F8B43004
:102DC00003F08003002B14D0D7F8B03003F0800359
:102DD000002B05D1D7F8AC3003F40003002B08D04A
:102DE0007B689B6F002B3AD07B689B6F7868984715
:102DF00035E0D7F8B43003F04003002B09D0D7F802
:102E0000B03003F04003002B03D0786800F0FBFBE8
:102E100026E0D7F8B43003F40003002B09D0D7F82C
:102E2000B03003F08043002B03D0786800F02AFC18
:102E300016E0D7F8B43003F08073002B10D0D7F829
:102E4000B030002B0CDA786800F012FC08E000BF0C
:102E500006E000BF04E000BF02E000BF00E000BFEA
:102E6000B837BD4680BD00BF80B483B000AF786086
:102E700000BF0C37BD465DF8047B704780B483B05B
:102E800000AF786000BF0C37BD465DF8047B70472B
:102E900080B483B000AF78600B467B8000BF0C37F6
:102EA000BD465DF8047B70472DE9B04F94B000AF8C
:102EB000F862002387F84730FB6A9A68FB6A1B694F
:102EC0001A43FB6A5B691A43FB6ADB691343FB64C1
:102ED000FB6A1B681B688A491940FB6A1A68FB6C0D
:102EE0000B431360FB6A1B685B6823F44050FB6A6A
:102EF000D968FB6A1A6840EA01035360FB6A9B6960
:102F0000FB64FB6A1A687F4B9A4204D0FB6A1A6A18
:102F1000FB6C1343FB64FB6A1B689B6823F06E41E8
:102F200021F43061FB6A1A68FB6C0B439360FB6A07
:102F30001B68DB6A23F00F00FB6A596AFB6A1A6898
:102F400040EA0103D362FB6A1A686F4B9A4202D1CE
:102F50000123BB641AE0FB6A1A686C4B9A4202D1E7
:102F60000223BB6412E0FB6A1A68694B9A4202D1E1
:102F70000423BB640AE0FB6A1A68624B9A4203D1DD
:102F80004FF48053BB6401E00023BB64FB6A1A6802
:102F90005C4B9A4271D1BB6C00223B627A62D7E9EA
:102FA0000801FCF767FD38643B6C002B00F0E28001
:102FB000FB6A5B6A574A32F813301A463B6CB3FB24
:102FC000F2F37B63FB6A5A6813465B0013447A6B27
:102FD0009A4205D3FB6A5B681B037A6B9A4203D95A
:102FE000012387F84730C5E03B6C0022BB61FA61E2
:102FF000FB6A5B6A474A32F813309BB200223B619E
:103000007A61D7E90423D7E90601F5F745F90246C5
:103010000B46104619464FF000024FF000030B021A
:1030200043EA10630202F96A4968490800200C4625
:10303000054612EB040843EB0509FB6A5B680022B6
:10304000BB60FA60D7E9022340464946F5F724F908
:1030500002460B461346FB63FB6BB3F5407F08D378
:10306000FB6BB3F5801F04D2FB6A1B68FA6BDA6056
:1030700080E0012387F847307CE0FB6ADB69B3F529
:10308000004F49D1BB6C00223B607A60D7E9000158
:10309000FCF7F0FC38643B6C002B6BD0FB6A5B6A7E
:1030A0001C4A32F813301A463B6CB3FBF2F35A0059
:1030B000FB6A5B685B081A44FB6A5B68B2FBF3F36C
:1030C000FB63FB6B0F2B16D9FB6BB3F5803F12D262
:1030D000FB6B9BB223F00F037B87FB6B5B089BB200
:1030E00003F007039AB27B8F13437B87FB6A1B684D
:1030F0007A8FDA603EE0012387F847303AE000BF7C
:10310000F369FFCF00240044003801400044004030
:1031100000480040FC3B0108BB6C00229A469346E5
:1031200050465946FCF7A6FC38643B6C002B21D076
:10313000FB6A5B6A1A4A32F813301A463B6CB3FBDF
:10314000F2F2FB6A5B685B081A44FB6A5B68B2FBDD
:10315000F3F3FB63FB6B0F2B09D9FB6BB3F5803FDC
:1031600005D2FB6B9AB2FB6A1B68DA6002E00123AE
:1031700087F84730FB6A0122A3F86A20FB6A012224
:10318000A3F86820FB6A00225A67FB6A00229A674C
:1031900097F8473018465037BD46BDE8B08F00BF9E
:1031A000FC3B010880B483B000AF78607B689B6A09
:1031B00003F00803002B0AD07B681B685B6823F4CC
:1031C00000417B689A6B7B681B680A435A607B6886
:1031D0009B6A03F00103002B0AD07B681B685B68C5
:1031E00023F400317B68DA6A7B681B680A435A6003
:1031F0007B689B6A03F00203002B0AD07B681B6884
:103200005B6823F480317B681A6B7B681B680A4318
:103210005A607B689B6A03F00403002B0AD07B682A
:103220001B685B6823F480217B685A6B7B681B6892
:103230000A435A607B689B6A03F01003002B0AD094
:103240007B681B689B6823F480517B68DA6B7B6822
:103250001B680A439A607B689B6A03F02003002B7B
:103260000AD07B681B689B6823F400517B681A6C4A
:103270007B681B680A439A607B689B6A03F0400383
:10328000002B1AD07B681B685B6823F480117B6875
:103290005A6C7B681B680A435A607B685B6CB3F5A9
:1032A000801F0AD17B681B685B6823F4C0017B68C0
:1032B0009A6C7B681B680A435A607B689B6A03F0C0
:1032C0008003002B0AD07B681B685B6823F4002115
:1032D0007B68DA6C7B681B680A435A6000BF0C3756
:1032E000BD465DF8047B704780B598B002AF78604A
:1032F0007B680022C3F89020F9F772FC78657B6840
:103300001B681B6803F00803082B2FD16FF07E4366
:1033100000937B6D00224FF40011786800F08EF866
:103320000346002B22D07B681B68BB63BB6B53E852
:10333000003F7B637B6B23F080033B657B681B68EE
:103340001A463B6D7B643A64396C7A6C41E8002321
:10335000FB63FB6B002BE6D17B682022C3F888203F
:103360007B68002283F88420032363E07B681B686A
:103370001B6803F00403042B49D16FF07E430093D4
:103380007B6D00224FF48001786800F057F8034607
:10339000002B3CD07B681B687B627B6A53E8003F54
:1033A0003B623B6A23F49073FB647B681B681A469C
:1033B000FB6C3B63FA62F96A3A6B41E80023BB623B
:1033C000BB6A002BE6D17B681B6808333B613B6915
:1033D00053E8003FFB60FB6823F00103BB647B689C
:1033E0001B680833BA6CFA61BB61B969FA6941E8D4
:1033F00000237B617B69002BE5D17B682022C3F829
:103400008C207B68002283F88420032312E07B68F1
:103410002022C3F888207B682022C3F88C207B6898
:103420000022DA667B6800221A677B68002283F834
:103430008420002318465837BD4680BD80B584B02F
:1034400000AFF860B9603B601346FB714FE0BB69A9
:10345000B3F1FF3F4BD0F9F7C3FB02463B68D31AE9
:10346000BA699A4202D3BB69002B01D103234EE013
:10347000FB681B681B6803F00403002B37D0BB6894
:10348000802B34D0BB68402B31D0FB681B68DB69D4
:1034900003F00803082B10D1FB681B6808221A628E
:1034A000F86800F038F8FB680822C3F89020FB6841
:1034B000002283F88420012329E0FB681B68DB6974
:1034C00003F40063B3F5006F11D1FB681B684FF480
:1034D00000621A62F86800F01EF8FB682022C3F848
:1034E0009020FB68002283F8842003230FE0FB6810
:1034F0001B68DA69BB681340BA689A420CBF0123A3
:103500000023DBB21A46FB799A42A0D0002318466A
:103510001037BD4680BD80B495B000AF78607B6841
:103520001B687B637B6B53E8003F3B633B6B23F47F
:103530009073FB647B681B681A46FB6C3B64FA6300
:10354000F96B3A6C41E80023BB63BB6B002BE6D1FF
:103550007B681B6808333B623B6A53E8003FFB61B2
:10356000FB6923F0805323F00103BB647B681B6875
:103570000833BA6CFA62BB62B96AFA6A41E800239E
:103580007B627B6A002BE3D17B68DB6E012B18D159
:103590007B681B68FB60FB6853E8003FBB60BB684F
:1035A00023F010037B647B681B681A467B6CBB614D
:1035B0007A617969BA6941E800233B613B69002B74
:1035C000E6D17B682022C3F88C207B680022DA6673
:1035D0007B6800225A6700BF5437BD465DF8047B04
:1035E000704780B584B000AF78607B68DB6DFB60AE
:1035F000FB680022A3F85E20F868FFF73FFC00BFDD
:103600001037BD4680BD80B588B000AF78607B685C
:103610001B68FB60FB6853E8003FBB60BB6823F09E
:103620004003FB617B681B681A46FB69BB617A61DA
:103630007969BA6941E800233B613B69002BE6D117
:103640007B682022C3F888207B6800229A6778680C
:10365000FFF70AFC00BF2037BD4680BD80B483B0B1
:1036600000AF786000BF0C37BD465DF8047B704743
:1036700080B483B000AF786000BF0C37BD465DF802
:10368000047B704780B483B000AF786000BF0C3714
:10369000BD465DF8047B704780B485B000AF7860AC
:1036A0007B6893F88430012B01D1022327E07B68EB
:1036B000012283F884207B682422C3F888207B6859
:1036C0001B681B68FB607B681B681A687B681B684B
:1036D00022F001021A60FB6823F00053FB607B6854
:1036E00000225A667B681B68FA681A607B68202291
:1036F000C3F888207B68002283F8842000231846C2
:103700001437BD465DF8047B704780B584B000AFC8
:10371000786039607B6893F88430012B01D10223F3
:103720002DE07B68012283F884207B682422C3F883
:1037300088207B681B681B68FB607B681B681A68B5
:103740007B681B6822F001021A607B681B689B681B
:1037500023F060417B681B683A680A439A60786886
:1037600000F050F87B681B68FA681A607B682022BA
:10377000C3F888207B68002283F884200023184641
:103780001037BD4680BD80B584B000AF7860396029
:103790007B6893F88430012B01D102232DE07B68F4
:1037A000012283F884207B682422C3F888207B6868
:1037B0001B681B68FB607B681B681A687B681B685A
:1037C00022F001021A607B681B689B6823F060612D
:1037D0007B681B683A680A439A60786800F012F8C0
:1037E0007B681B68FA681A607B682022C3F888200F
:1037F0007B68002283F88420002318461037BD46DA
:1038000080BD000080B485B000AF78607B685B6EDF
:10381000002B08D17B680122A3F86A207B68012273
:10382000A3F8682031E00823FB730823BB737B688F
:103830001B689B685B0EDBB203F007037B737B683E
:103840001B689B685B0FDBB203F007033B73BB7B1A
:103850003A7B11498A5C02FB03F33A7B0F498A5C8D
:1038600093FBF2F39AB27B68A3F86A20FB7B7A7B26
:1038700009498A5C02FB03F37A7B08498A5C93FB63
:10388000F2F39AB27B68A3F8682000BF1437BD46F4
:103890005DF8047B704700BF143C01081C3C010824
:1038A00002440346934200D1704703F8011BF9E735
:1038B00070B50D4D00260D4C641BA410A64209D115
:1038C0000B4D00260B4C00F025F8641BA410A642FB
:1038D00005D170BD55F8043B01369847EEE755F821
:1038E000043B01369847F2E72C3C01082C3C0108C8
:1038F0002C3C0108303C01080A44431E914200D18F
:10390000704710B511F8014B914203F8014FF9D1FE
:1039100010BD0000F8B500BFF8BC08BC9E4670475B
:0C392000F8B500BFF8BC08BC9E4670471C
:10392C000D0A2043616E6E6F74206372656174655D
:10393C0020736F636B657421000000000D0A536FD8
:10394C00636B6574204372656174656420537563A1
:10395C006365737366756C6C79210D0A0000000049
:10396C005374617274206C697374656E696E672030
:10397C006F6E20706F7274202564200D0A00000099
:10398C0057616974696E6720666F72206120636C81
:10399C0069656E7420636F6E6E656374696F6E2EED
:1039AC002E2E200D0A0000000D0A436865636B691A
:1039BC006E672045746865726E6574204361626C35
:1039CC00652050726573656E63652E2E2E000000A7
:1039DC004E4F204361626C6520436F6E6E6563745D
:1039EC0065642100476F6F6421204361626C652020
:1039FC00676F7420636F6E6E65637465642100007D
:103A0C000A0D50485920434F6E666967757265649C
:103A1C002062792048617264776172652050696E0A
:103A2C00730000000A0D50485920434F6E666967B9
:103A3C00757265642062792052656769737465726A
:103A4C00730000000A0D4175746F6E65676F7469C1
:103A5C006174696F6E20456E61626C6500000000D8
:103A6C000A0D4175746F6E65676F74696174696F67
:103A7C006E204E4F5420456E61626C650000000054
:103A8C000A0D4475706C6578204D6F64653A20465C
:103A9C00756C6C000A0D4475706C6578204D6F6404
:103AAC00653A204861666C000A0D53706565643A8E
:103ABC002031304D627073000A0D53706565643AA5
:103ACC00203130304D627073000000000D0A5374C9
:103ADC00617274204E65772053657373696F6E2124
:103AEC000D0A000057495A4348495020496E6974E1
:103AFC0069616C697A6564204661696C6564212032
:103B0C000D0A000057495A4348495020496E6974C0
:103B1C0069616C697A65642053756363657373219D
:103B2C00200D0A000D0A536F636B65742043726598
:103B3C0061746564205375636365737366756C6C2F
:103B4C00792100000D0A2043616E6E6F7420637240
:103B5C006561746520736F636B65742100000000F0
:103B6C000D0A20436F6E6E656374696E6720746F07
:103B7C00207365727665723A2025642E25642E2595
:103B8C00642E256420402054435020506F72743AA8
:103B9C0020313131310000000D0A436F6E6E6563C8
:103BAC007465642077697468207365727665722118
:103BBC00000000000D0A2043616E6E6F7420636F6D
:103BCC006E6E6563746564207769746820736572C2
:103BDC00766572210000000000000000000000006B
:103BEC000102030406070809000000000102030497
:103BFC00010002000400060008000A000C0010007E
:103C0C0020004000800000010101010307010000B9
:083C1C00080402040801010183
:083C2400A446FF7F010000002F
:043C2C007D8200088D
:043C300059820008AD
:103C340000000000000802420200000000000242EE
:103C44002000800040000014000000640400000014
:103C54000000000000000000000000000000000060
:103C640000000242010000000004024210000400AF
:103C74004000001400000064040000000000000084
:103C84000000000000000000000001EFCDAB403058
:103C940020100000EA0101EFCDAB4030201000C03D
:103CA4000090D0032B00F401DC05000000000000AC
:103CB400000000000000FFFFE100C0A801010808A7
:103CC40008080100020202020202020202020202C7
:103CD4000202020202020202020202020102573539
:103CE4003530300000000000D9BE0008E7BE0008EF
:103CF400F5BE000803BF000811BF00082BBF000871
:103D0400000000000000000010000000010000009E
:103D1400000000000000000000000000000000009F
:0C3D240001000000000000000000000092
:040000050800CA29FC
:00000001FF
